city,date,co,no,no2,o3,so2,pm2_5,pm10,nh3
Delhi,25-11-2020,2616.88,2.18,70.6,13.59,38.62,364.61,411.73,28.63
Delhi,26-11-2020,2803.8,7.15,74.71,0.89,33.85,327.49,400.17,12.16
Delhi,27-11-2020,1695.63,4.47,67.17,2.5,32.42,114.3,149.46,11.65
Delhi,28-11-2020,1789.09,0.05,58.95,28.25,25.03,150.44,183.04,13.93
Delhi,29-11-2020,2456.67,0.17,71.97,20.21,23.84,201.74,238.09,20.77
Delhi,30-11-2020,7263.18,126.96,98.71,0,94.41,519.9,641.21,81.06
Delhi,01-12-2020,7049.56,106.39,87.74,0,41.96,557.39,699.05,20.01
Delhi,02-12-2020,7156.37,73.31,115.16,0,40.53,708.4,848.38,16.72
Delhi,03-12-2020,2483.37,0.43,76.08,14.84,27.9,223.05,264.92,16.97
Delhi,04-12-2020,10360.72,110.87,143.95,0,73.43,968.36,1176.27,38
Delhi,05-12-2020,2403.26,0,52.78,81.54,33.38,453.42,489.45,12.29
Delhi,06-12-2020,1842.5,0,47.98,57.22,23.37,347.82,376.94,8.87
Delhi,07-12-2020,2376.56,0,54.84,57.22,37.19,453.19,500.12,4.31
Delhi,08-12-2020,6515.5,79.57,98.71,0,40.05,638.4,746.48,16.47
Delhi,09-12-2020,11428.83,169.87,154.91,0,94.41,958.53,1145.06,83.09
Delhi,10-12-2020,8224.49,139.48,116.53,0,129.7,624.8,804.39,85.12
Delhi,11-12-2020,5928.04,109.97,78.83,0,47.21,391.6,531.81,19.76
Delhi,12-12-2020,1789.09,0.32,57.58,14.48,23.6,274.62,302.66,10.89
Delhi,13-12-2020,6088.26,92.09,87.74,0,28.61,467.27,577.21,11.4
Delhi,14-12-2020,1295.09,0.06,45.24,27.54,21.46,74.34,97.5,24.07
Delhi,15-12-2020,5874.63,102.82,71.97,0,37.19,424.35,549.4,15.83
Delhi,16-12-2020,1895.9,0.03,61.69,34.69,28.37,153.12,190.66,14.69
Delhi,17-12-2020,1121.52,0,36.33,55.79,25.51,94.84,114.71,20.27
Delhi,18-12-2020,1321.79,0.01,46.61,45.06,28.37,107.23,129.1,24.83
Delhi,19-12-2020,1535.42,0.08,56.21,27.54,27.9,116.92,143.64,26.35
Delhi,20-12-2020,1335.14,0.02,45.24,35.76,20.98,113.81,134.61,23.05
Delhi,21-12-2020,1375.2,0,39.76,46.49,19.31,149.37,169.67,19
Delhi,22-12-2020,8117.68,180.6,65.8,0,61.04,678.02,827.86,36.48
Delhi,23-12-2020,13565.06,257.49,123.38,0,53.41,1099.38,1275.65,31.41
Delhi,24-12-2020,8331.3,128.75,119.27,0,51.98,750.67,923.42,23.31
Delhi,25-12-2020,3204.35,23.47,82.94,0.05,30.99,262.86,337.66,13.68
Delhi,26-12-2020,4699.71,56.33,75.4,0,29.8,418.04,510.72,11.65
Delhi,27-12-2020,8331.3,123.38,95.96,0,40.53,684.04,816.72,20.77
Delhi,28-12-2020,3044.13,16.99,84.31,0.13,28.61,322.44,372.01,13.05
Delhi,29-12-2020,2002.72,0.17,65.8,22.17,29.09,163.98,204.2,22.8
Delhi,30-12-2020,1602.17,0.06,54.84,31.11,25.75,130.23,161.81,9.63
Delhi,31-12-2020,4058.84,38,82.94,0,32.42,341.46,433.07,12.03
Delhi,01-01-2021,6942.75,155.57,91.85,0,61.04,567.36,677.71,34.96
Delhi,02-01-2021,2670.29,2.1,89.11,7.51,29.09,314.54,357.9,13.93
Delhi,03-01-2021,1695.63,0.67,54.84,10.1,22.65,338.85,360.62,4.24
Delhi,04-01-2021,781.06,0,29.82,41.13,22.17,56.31,65.65,4.43
Delhi,05-01-2021,2002.72,5.87,53.47,1.33,29.56,127.7,167.75,6.02
Delhi,06-01-2021,1441.96,0.04,42.5,28.25,25.75,158.16,171.21,5.07
Delhi,07-01-2021,3524.78,50.52,67.86,0,41.49,333.39,376.71,14.57
Delhi,08-01-2021,4058.84,55.88,56.89,0,27.66,332.8,395.31,7.92
Delhi,09-01-2021,4646.3,76.89,64.43,0,39.58,417.18,500.19,7.35
Delhi,10-01-2021,1014.71,0,27.08,47.21,20.03,113.35,128.08,7.16
Delhi,11-01-2021,1268.39,0,34.62,50.07,19.55,133.37,151.76,5.07
Delhi,12-01-2021,1348.5,0.01,42.84,42.92,21.7,123.27,144.24,5.57
Delhi,13-01-2021,1735.69,0.07,56.89,29.33,24.08,174.7,206.27,6.14
Delhi,14-01-2021,6141.66,109.08,69.92,0,38.15,490.86,604.95,16.21
Delhi,15-01-2021,10253.91,175.24,101.45,0,72.48,978.08,1192.64,34.96
Delhi,16-01-2021,10147.09,159.14,131.61,0,44.35,1111.45,1312.99,12.41
Delhi,17-01-2021,5981.45,116.23,45.24,0,28.85,537.94,638.6,12.79
Delhi,18-01-2021,1188.28,0,25.36,98.71,30.04,342.59,360.37,2.79
Delhi,19-01-2021,7263.18,135.9,46.61,0,48.16,686.66,856.19,19.51
Delhi,20-01-2021,1668.93,0.04,42.84,29.68,22.17,270.47,296.35,5.38
Delhi,21-01-2021,1321.79,0,29.13,75.1,20.74,274.69,290.37,3.96
Delhi,22-01-2021,3791.81,52.75,67.17,0,25.75,365.86,438.56,8.99
Delhi,23-01-2021,1695.63,0,38.39,74.39,22.17,300.65,325.34,4.94
Delhi,24-01-2021,1682.28,0,41.47,51.5,17.88,310.34,335.21,6.33
Delhi,25-01-2021,2323.15,4.25,56.89,3,20.5,274.31,318.62,6.4
Delhi,26-01-2021,3364.56,38.45,56.89,0,25.75,274.71,339.54,8.04
Delhi,27-01-2021,3337.86,37.1,60.32,0,25.75,293.61,358.48,7.98
Delhi,28-01-2021,3738.4,46.49,50.04,0,36.24,458.73,528.24,14.44
Delhi,29-01-2021,5821.23,76.89,81.57,0,30.04,538.64,646.02,10.26
Delhi,30-01-2021,1548.77,0.02,48.67,37.91,22.89,164.83,192.61,8.11
Delhi,31-01-2021,1922.61,1.01,62.38,10.37,18.36,169.07,199.81,11.27
Delhi,01-02-2021,8224.49,123.38,112.41,0,54.36,751.67,911.75,29.89
Delhi,02-02-2021,8331.3,100.14,138.46,0,66.76,771.65,946.4,29.13
Delhi,03-02-2021,3631.59,9.72,101.45,1.16,45.78,462.86,539.63,8.61
Delhi,04-02-2021,1495.36,0,39.76,70.81,46.25,375.22,409.33,3.99
Delhi,05-02-2021,8544.92,144.84,86.37,0,183.11,671.68,798.86,114.5
Delhi,06-02-2021,2429.96,13.97,63.75,0.23,28.85,229.71,285.49,7.92
Delhi,07-02-2021,1121.52,0,32.9,55.79,20.98,96.26,116.64,10.51
Delhi,08-02-2021,4806.52,78.68,50.72,0,27.66,402.2,485.85,10.01
Delhi,09-02-2021,5821.23,95.67,57.58,0,36.72,487,599.59,13.05
Delhi,10-02-2021,9399.41,141.26,157.65,0,61.99,828.56,994.57,25.59
Delhi,11-02-2021,6248.47,101.92,76.77,0,51.98,672.08,826,11.15
Delhi,12-02-2021,8331.3,151.99,70.6,0,53.41,786.74,944.91,22.55
Delhi,13-02-2021,5928.04,63.48,87.74,0,38.62,739.71,871.45,10.26
Delhi,14-02-2021,10681.15,137.69,116.53,0,44.82,1053.1,1197.77,18.49
Delhi,15-02-2021,8224.49,101.92,94.59,0,36.72,898.67,1058.15,15.07
Delhi,16-02-2021,5180.36,36.21,85.68,0.01,42.92,699.09,833.32,8.74
Delhi,17-02-2021,10894.78,202.06,111.04,0,137.33,959.79,1190.43,80.05
Delhi,18-02-2021,6729.13,84.94,93.22,0,41.96,637.82,789.1,14.31
Delhi,19-02-2021,5607.61,57.22,104.19,0,44.82,633.07,760.26,9.25
Delhi,20-02-2021,6248.47,106.39,59.63,0,37.19,553.31,680.28,12.92
Delhi,21-02-2021,3417.97,2.77,84.31,10.28,28.37,462.74,522.21,12.03
Delhi,22-02-2021,2910.61,18.11,58.95,0.07,26.7,350.77,411.57,10.89
Delhi,23-02-2021,4486.08,54.54,71.29,0,40.53,370.94,469.21,27.36
Delhi,24-02-2021,15380.86,282.53,219.35,0,297.55,1201.51,1393.72,192.52
Delhi,25-02-2021,6942.75,93.88,100.08,0,44.35,529.89,677.4,24.32
Delhi,26-02-2021,2349.85,0.95,69.23,10.19,31.95,194.44,244.54,21.53
Delhi,27-02-2021,4165.65,22.13,130.24,0.23,71.53,350.94,404.5,27.61
Delhi,28-02-2021,5554.2,60.8,111.04,0,62.94,385.5,500.49,31.67
Delhi,01-03-2021,3578.19,41.57,57.58,0,45.78,264.29,383.19,39.01
Delhi,02-03-2021,1228.33,0,38.39,44.7,28.85,88.45,112.6,23.56
Delhi,03-03-2021,1348.5,0,40.44,56.51,33.38,102.77,127.56,24.57
Delhi,04-03-2021,12390.14,225.31,102.82,0,103,900.27,1093.55,59.78
Delhi,05-03-2021,7370,59.01,143.95,0,83.92,555.69,705.91,44.08
Delhi,06-03-2021,921.25,0,25.36,103,30.28,92.05,113.05,21.03
Delhi,07-03-2021,5180.36,44.26,102.82,0,51.02,353.75,446.16,33.95
Delhi,08-03-2021,807.76,0,21.59,81.54,23.37,98.1,128.79,22.55
Delhi,09-03-2021,2056.12,0,61.69,42.56,38.15,231.2,285.35,23.31
Delhi,10-03-2021,12817.38,209.21,135.72,0,88.69,1034.92,1275.8,45.09
Delhi,11-03-2021,5554.2,49.62,89.11,0,58.65,444.38,613.74,34.45
Delhi,12-03-2021,2830.51,16.54,80.88,0.09,46.73,198,277.24,31.67
Delhi,13-03-2021,1295.09,0,48.67,51.5,33.38,96.49,118.83,12.92
Delhi,14-03-2021,2403.26,5.76,64.43,1.5,29.09,159.54,205.85,22.55
Delhi,15-03-2021,1869.2,0.31,58.95,17.7,33.38,127.39,180.45,23.56
Delhi,16-03-2021,1415.25,0,42.84,40.05,32.9,108.62,157.78,25.33
Delhi,17-03-2021,2670.29,9.05,74.03,0.97,41.96,174.97,259.89,31.16
Delhi,18-03-2021,3177.64,35.32,64.43,0,49.59,224.3,356.79,35.97
Delhi,19-03-2021,5073.55,100.14,87.74,0,44.35,285.42,395.27,39.52
Delhi,20-03-2021,1815.8,12.96,61.69,0.12,27.42,97.76,147.78,25.33
Delhi,21-03-2021,4646.3,51.86,81.57,0,69.62,268.4,364.18,35.47
Delhi,22-03-2021,1148.22,0,32.56,61.51,31.47,89.11,130.62,22.8
Delhi,23-03-2021,1976.01,5.14,67.86,4.47,36.72,111.9,159.49,27.87
Delhi,24-03-2021,2750.4,12.52,87.74,0.19,51.02,191.79,258.18,32.93
Delhi,25-03-2021,781.06,0,32.56,55.08,37.19,48.04,73.06,21.53
Delhi,26-03-2021,1174.93,0,36.67,77.25,35.29,86.09,116.38,22.04
Delhi,27-03-2021,3578.19,31.29,82.25,0.01,48.64,215.54,304.64,34.45
Delhi,28-03-2021,6675.72,75.1,100.08,0,71.53,462.88,597.74,44.58
Delhi,29-03-2021,1575.47,0,37.36,95.84,47.21,227.02,287.43,25.08
Delhi,30-03-2021,3417.97,23.92,85.68,0.01,57.22,228.35,322.22,36.48
Delhi,31-03-2021,794.41,0,16.11,145.91,31.47,135.87,192.24,22.29
Delhi,01-04-2021,540.73,0,18.85,114.44,26.94,24.61,33.42,16.97
Delhi,02-04-2021,1028.06,0,37.01,67.23,39.58,47.7,69.59,24.07
Delhi,03-04-2021,2643.59,16.76,78.83,0.13,79.16,137.83,208.68,33.44
Delhi,04-04-2021,3364.56,9.84,101.45,0.68,74.39,178.41,261.54,36.99
Delhi,05-04-2021,4325.87,28.16,98.71,0.01,88.69,242.58,328.87,31.92
Delhi,06-04-2021,934.6,0,32.22,52.93,41.01,62.75,98.77,22.29
Delhi,07-04-2021,961.3,0,23.99,127.32,38.15,118.34,148.06,23.31
Delhi,08-04-2021,1895.9,0,54.84,44.7,50.55,153.04,212.19,29.39
Delhi,09-04-2021,1762.39,0.01,58.26,29.33,49.59,100.25,146.7,29.64
Delhi,10-04-2021,1108.17,0,43.18,52.21,45.3,52.19,81,23.56
Delhi,11-04-2021,847.82,0,26.39,83.69,29.09,49.57,73.11,20.77
Delhi,12-04-2021,1455.31,0,47.3,38.62,46.25,87.96,142.47,26.09
Delhi,13-04-2021,2109.53,0.1,65.12,24.68,62.94,133.88,201.24,31.16
Delhi,14-04-2021,854.49,0,30.85,70.81,37.67,55.39,91.42,22.55
Delhi,15-04-2021,1615.52,0.02,56.21,31.11,49.11,91.23,151.52,25.08
Delhi,16-04-2021,2510.07,6.93,85,1.04,66.76,151.86,225.7,31.67
Delhi,17-04-2021,1241.68,0,45.93,46.49,50.07,60.87,95.05,19.51
Delhi,18-04-2021,4112.24,16.76,94.59,0.07,65.8,263.63,358.54,40.03
Delhi,19-04-2021,1508.71,0,48.67,42.2,46.73,82.21,124.38,26.35
Delhi,20-04-2021,1081.47,0,40.1,56.51,44.35,56.45,89.03,24.83
Delhi,21-04-2021,1041.41,0,41.47,45.06,43.39,45.97,76.5,20.52
Delhi,22-04-2021,4165.65,20.56,116.53,0.06,68.67,274.52,382.07,43.57
Delhi,23-04-2021,707.63,0,28.45,75.1,46.73,32.24,45.33,16.47
Delhi,24-04-2021,921.25,0,30.85,57.94,41.96,44.61,72.42,21.03
Delhi,25-04-2021,827.79,0,27.42,97.28,35.76,44.89,62.47,21.53
Delhi,26-04-2021,2777.1,6.99,79.51,0.83,65.8,158.07,228.71,31.92
Delhi,27-04-2021,6942.75,94.77,111.04,0,137.33,401.12,569.76,74.98
Delhi,28-04-2021,3738.4,24.59,87.74,0.01,92.51,226.04,331.69,38.51
Delhi,29-04-2021,1682.28,0,58.95,37.19,62.94,106.72,162.56,28.12
Delhi,30-04-2021,2349.85,0.01,77.46,36.48,52.93,167.92,217.41,31.92
Delhi,01-05-2021,2109.53,0,66.49,37.19,47.21,163.5,206.78,28.63
Delhi,02-05-2021,1668.93,0,51.41,61.51,42.92,141.47,177.24,24.07
Delhi,03-05-2021,2109.53,0.26,67.17,12.52,43.39,148.69,193.32,28.63
Delhi,04-05-2021,2243.04,0.3,68.55,13.95,61.99,128.77,198.65,30.65
Delhi,05-05-2021,834.47,0,31.19,82.25,49.11,80.17,106.16,17.48
Delhi,06-05-2021,2056.12,0,57.58,57.22,57.22,150.11,194.11,27.36
Delhi,07-05-2021,1548.77,0,38.73,92.98,43.39,126.89,154.64,17.48
Delhi,08-05-2021,6141.66,26.15,171.36,0.01,84.88,511.05,628.73,39.52
Delhi,09-05-2021,1375.2,0,35.99,70.81,42.92,99.29,127.91,23.81
Delhi,10-05-2021,1949.31,0.01,69.23,29.68,41.96,109.65,145.86,28.12
Delhi,11-05-2021,1214.98,0,30.5,88.69,40.53,90.81,109.72,22.55
Delhi,12-05-2021,4005.43,0.8,112.41,9.03,67.71,286.39,377.12,38.51
Delhi,13-05-2021,5393.98,31.74,135.72,0,74.39,345.92,462.17,44.08
Delhi,14-05-2021,4646.3,38.45,89.11,0,54.36,277.53,377.51,40.03
Delhi,15-05-2021,2349.85,0.32,77.46,11.62,62.94,143.51,222.33,31.67
Delhi,16-05-2021,9506.23,98.35,167.25,0,164.03,615.15,813.57,87.14
Delhi,17-05-2021,2456.67,0,67.86,43.27,63.9,153.99,230.31,28.37
Delhi,18-05-2021,720.98,0,22.62,62.94,19.79,78.05,99.67,13.55
Delhi,19-05-2021,1762.39,12.41,67.17,0.22,55.31,94.14,116.18,10.77
Delhi,20-05-2021,627.52,0,23.31,35.05,27.42,26.05,28.81,2.01
Delhi,21-05-2021,6782.53,116.23,86.37,0,43.39,373.37,480.61,15.96
Delhi,22-05-2021,3738.4,15.65,94.59,0.07,32.42,239.55,306.2,12.79
Delhi,23-05-2021,1428.6,0,54.15,36.84,19.31,88.33,167.86,20.52
Delhi,24-05-2021,1535.42,2.01,52.78,3.93,29.8,100.57,176.79,25.84
Delhi,25-05-2021,1028.06,0,29.13,85.12,30.99,72.4,101.93,22.55
Delhi,26-05-2021,3952.03,39.34,84.31,0,71.53,198.08,291.46,37.49
Delhi,27-05-2021,8865.36,97.45,211.12,0,125.89,530.43,724.58,86.13
Delhi,28-05-2021,4539.49,4.25,115.16,2.01,42.44,421.15,496.63,34.45
Delhi,29-05-2021,1214.98,0,35.3,89.41,29.56,112.71,136.27,26.09
Delhi,30-05-2021,654.22,0,17.65,97.28,23.84,67.63,80.84,15.71
Delhi,31-05-2021,1375.2,0,41.13,42.92,25.51,96.35,142.19,26.35
Delhi,01-06-2021,2029.42,0.75,78.14,9.12,38.62,136.29,221.83,10.01
Delhi,02-06-2021,6622.31,76,127.49,0,51.98,466.49,625.78,20.27
Delhi,03-06-2021,11535.65,82.25,180.96,0,98.23,959.73,1179.12,52.69
Delhi,04-06-2021,6835.94,56.33,108.3,0,62.94,556.33,735.44,35.97
Delhi,05-06-2021,9078.98,26.15,241.28,0.02,78.2,878.99,1029.69,39.01
Delhi,06-06-2021,1869.2,0.6,69.23,11.27,29.56,124.44,177.12,23.05
Delhi,07-06-2021,8224.49,121.59,98.71,0,90.6,487.76,642.64,50.66
Delhi,08-06-2021,2349.85,0,67.17,80.11,91.55,170.69,208.08,25.84
Delhi,09-06-2021,894.55,0.06,40.44,22.35,25.99,52.49,143.22,21.28
Delhi,10-06-2021,5447.39,89.41,106.93,0,72.48,248.33,455.24,43.06
Delhi,11-06-2021,781.06,0,23.65,76.53,33.38,35.74,68.17,14.57
Delhi,12-06-2021,934.6,0,25.02,107.29,37.19,74.77,93.43,16.97
Delhi,13-06-2021,1054.76,0,18.68,170.23,37.19,98.79,102.05,3.77
Delhi,14-06-2021,574.11,0,19.71,74.39,27.9,24.78,31.68,14.19
Delhi,15-06-2021,741.01,0,28.1,62.94,35.29,36.75,48.37,17.73
Delhi,16-06-2021,3791.81,60.8,71.97,0,55.79,179.96,288.44,39.52
Delhi,17-06-2021,1441.96,0,51.41,45.78,47.68,114.54,144.49,10.01
Delhi,18-06-2021,1014.71,0,39.76,43.63,42.92,53.17,69.37,13.68
Delhi,19-06-2021,1081.47,0.99,62.38,5.9,73.43,46.71,64.17,14.19
Delhi,20-06-2021,774.38,0.05,39.76,16.45,57.7,37.85,47.99,5.13
Delhi,21-06-2021,947.95,0,34.96,37.55,33.38,50.6,67.83,14.82
Delhi,22-06-2021,4005.43,22.58,119.27,0.01,57.22,234.89,309.61,39.52
Delhi,23-06-2021,6515.5,71.53,109.67,0,116.35,374.81,543.46,53.2
Delhi,24-06-2021,1041.41,0,23.65,120.16,38.15,149.07,175.94,21.53
Delhi,25-06-2021,1815.8,0,55.52,38.62,41.49,124.36,176.21,29.89
Delhi,26-06-2021,1388.55,1.98,59.63,4.43,37.19,96.57,246.15,23.56
Delhi,27-06-2021,907.9,0,22.96,120.16,35.29,131.26,203.22,18.75
Delhi,28-06-2021,1014.71,0,22.28,110.15,30.04,107.27,124.57,16.09
Delhi,29-06-2021,1895.9,0,54.84,55.79,48.64,163.72,218.71,30.4
Delhi,30-06-2021,1068.12,0,35.99,61.51,39.1,88.23,193.19,21.28
Delhi,01-07-2021,377.18,0,12.85,65.8,13.23,32.71,117.29,10.64
Delhi,02-07-2021,580.79,0,27.76,47.21,20.5,45.82,130.31,16.47
Delhi,03-07-2021,413.9,0,17.31,62.23,13.59,47.06,165.69,10.51
Delhi,04-07-2021,827.79,0,35.99,30.76,27.9,86.36,283.83,16.97
Delhi,05-07-2021,2323.15,8.49,91.85,0.27,59.61,149.6,315.61,31.92
Delhi,06-07-2021,974.66,0.05,42.5,25.75,38.62,69.78,178.42,19.51
Delhi,07-07-2021,1148.22,0,44.55,31.11,42.92,91.22,239.36,23.05
Delhi,08-07-2021,1068.12,0.01,46.61,24.32,33.85,65.54,174.71,18.75
Delhi,09-07-2021,988.01,0,41.13,88.69,67.71,122.82,209.44,19.76
Delhi,10-07-2021,834.47,0,28.79,111.58,49.11,71.4,80.84,13.17
Delhi,11-07-2021,734.33,0,18.85,120.16,43.39,34.89,39.26,8.49
Delhi,12-07-2021,580.79,0.02,27.08,22.89,36.72,21.28,25.07,4.43
Delhi,13-07-2021,660.9,0.01,31.53,27.18,41.01,29.01,36.05,7.79
Delhi,14-07-2021,834.47,0,35.99,47.92,42.44,36.08,48.54,13.05
Delhi,15-07-2021,1041.41,0.08,40.1,17.52,41.96,45.85,60.76,9.63
Delhi,16-07-2021,767.71,0,28.79,81.54,41.96,44.16,54.3,12.67
Delhi,17-07-2021,1976.01,0.03,56.89,22.53,36.72,141.96,183.43,15.33
Delhi,18-07-2021,1335.14,1.73,47.3,13.59,21.7,58.02,78.28,18.24
Delhi,19-07-2021,741.01,0.25,29.82,12.34,33.85,24.87,27.51,2.72
Delhi,20-07-2021,747.68,3.24,27.76,1.95,17.88,20.39,26.3,3.42
Delhi,21-07-2021,7263.18,166.3,112.41,0,103,504.1,565.69,20.52
Delhi,22-07-2021,1562.12,0.09,49.35,18.6,30.99,102.84,125.21,7.22
Delhi,23-07-2021,1295.09,0.38,42.16,11.8,42.44,85.49,95.31,5.38
Delhi,24-07-2021,2563.48,0.04,62.38,20.03,36.24,197.95,244.05,8.61
Delhi,25-07-2021,1441.96,0,41.13,36.84,22.41,114.26,135.21,7.22
Delhi,26-07-2021,974.66,0,32.9,47.92,23.37,57.87,73.94,9.37
Delhi,27-07-2021,3471.37,33.08,90.48,0,74.39,246.18,288.55,7.98
Delhi,28-07-2021,2029.42,29.95,46.61,0,38.15,89.83,117.24,7.41
Delhi,29-07-2021,4379.27,135.9,62.38,0,139.24,284.37,331.51,14.57
Delhi,30-07-2021,5393.98,100.14,60.32,0,61.99,310.12,409.82,18.24
Delhi,31-07-2021,1321.79,0,42.16,43.27,52.45,102.07,111.85,4.43
Delhi,01-08-2021,1174.93,0,35.3,39.34,25.03,90.62,108.1,6.27
Delhi,02-08-2021,7263.18,130.53,43.53,0,46.73,429.8,565.82,15.33
Delhi,03-08-2021,1708.98,0.48,54.15,10.19,51.02,123.26,144.45,6.33
Delhi,04-08-2021,894.55,0,35.3,45.06,50.07,75.54,86.11,5.7
Delhi,05-08-2021,1161.58,0,42.5,31.83,40.53,94.26,121.35,8.87
Delhi,06-08-2021,2616.88,16.76,65.12,0.02,36.24,161.21,221.79,9.88
Delhi,07-08-2021,5180.36,85.83,82.94,0,56.27,341.31,421.41,7.35
Delhi,08-08-2021,2056.12,4.08,50.04,0.86,25.51,133.59,165.25,7.47
Delhi,09-08-2021,2670.29,15.42,60.32,0.01,31.95,177.14,218.12,9.37
Delhi,10-08-2021,3524.78,68.84,72.66,0,44.35,296.02,341.65,5.95
Delhi,11-08-2021,1455.31,11.85,50.04,0.12,23.13,85.67,210.97,14.44
Delhi,12-08-2021,821.11,0.16,35.3,16.81,18.84,40.18,92.78,15.2
Delhi,13-08-2021,854.49,0.53,35.99,10.1,19.07,38.17,93.16,16.09
Delhi,14-08-2021,654.22,0.02,27.08,28.97,16.93,35.37,92.69,14.57
Delhi,15-08-2021,473.98,0,17.99,35.76,11.8,24.92,63.43,12.41
Delhi,16-08-2021,3791.81,86.73,41.47,0,42.44,190.58,335.06,29.39
Delhi,17-08-2021,9185.79,175.24,87.05,0,55.31,543.5,794.08,18.75
Delhi,18-08-2021,6462.1,73.31,109.67,0,54.84,434.33,616.09,16.47
Delhi,19-08-2021,4859.92,20.12,115.16,0.17,47.21,349.96,467.79,14.95
Delhi,20-08-2021,1361.85,3.91,39.76,0.75,34.81,64.09,78.95,7.6
Delhi,21-08-2021,794.41,3.52,33.59,1.32,43.39,29.67,35.09,3.45
Delhi,22-08-2021,867.84,0.16,29.82,13.77,31.95,44.77,50.01,3.48
Delhi,23-08-2021,2002.72,19.89,38.04,0,23.6,91.31,121.58,7.22
Delhi,24-08-2021,4219.06,86.73,49.35,0,34.33,211.74,284,10.89
Delhi,25-08-2021,3738.4,65.27,40.1,0,29.8,171.72,225.94,8.61
Delhi,26-08-2021,854.49,0.19,37.01,17.52,18.12,43.47,109,17.73
Delhi,27-08-2021,1001.36,2.6,45.24,10.91,17.88,50.52,111.22,15.2
Delhi,28-08-2021,1054.76,0.47,38.04,10.55,20.98,70.45,183.68,16.47
Delhi,29-08-2021,1001.36,0.73,35.99,6.44,22.17,67.69,93.7,6.46
Delhi,30-08-2021,934.6,0.01,28.79,31.11,26.23,105.15,115.57,6.4
Delhi,31-08-2021,961.3,1.01,40.78,6.8,40.53,52.54,70.7,7.09
Delhi,01-09-2021,834.47,1.02,40.78,6.35,48.64,50.42,57.99,4.37
Delhi,02-09-2021,2429.96,21.68,55.52,0,35.29,125.83,176.59,9.25
Delhi,03-09-2021,2590.18,18.77,59.63,0.02,37.19,151.81,187.67,9.12
Delhi,04-09-2021,2269.75,33.98,45.24,0,44.35,109.39,135,8.49
Delhi,05-09-2021,4486.08,92.98,39.07,0,29.09,236.58,304.56,10.51
Delhi,06-09-2021,3391.27,20.34,70.6,0.02,27.42,207.91,251.22,7.98
Delhi,07-09-2021,3044.13,24.81,61.01,0.02,30.28,183.38,235.54,10.13
Delhi,08-09-2021,974.66,1.34,37.01,5.23,44.82,33.85,46.66,6.59
Delhi,09-09-2021,694.28,0.01,34.96,28.25,44.35,36.15,44.18,5.57
Delhi,10-09-2021,1054.76,0,39.41,37.55,45.3,85.75,99.02,6.02
Delhi,11-09-2021,867.84,0.88,37.36,6.88,42.44,40.12,44.95,3.29
Delhi,12-09-2021,894.55,0.29,31.87,11.36,31.47,57.83,65.4,4.18
Delhi,13-09-2021,1815.8,3.13,45.93,1.34,30.99,117.44,150.04,6.52
Delhi,14-09-2021,1895.9,6.31,51.41,0.55,38.15,126.43,164.62,8.49
Delhi,15-09-2021,5874.63,103.71,50.72,0,43.39,342.72,465.65,12.29
Delhi,16-09-2021,4859.92,58.12,58.95,0,43.39,324.19,425.7,8.36
Delhi,17-09-2021,1615.52,0,45.24,40.77,45.78,126.99,151.43,11.53
Delhi,18-09-2021,694.28,1.27,40.44,5.81,51.98,31.41,43.4,7.47
Delhi,19-09-2021,1041.41,0,32.9,36.12,25.27,69.08,87.24,6.9
Delhi,20-09-2021,1895.9,11.4,49.35,0.07,24.8,132.62,168.67,7.85
Delhi,21-09-2021,1562.12,0.71,53.47,8.32,28.85,102.18,132.14,8.61
Delhi,22-09-2021,1642.23,0,45.24,32.54,32.42,176.59,198.05,7.09
Delhi,23-09-2021,1628.88,9.28,40.1,0.12,34.33,93.85,115.04,8.23
Delhi,24-09-2021,2002.72,11.51,52.09,0.08,41.01,130.39,173.7,8.99
Delhi,25-09-2021,1922.61,11.96,49.35,0.11,40.05,106.58,148.02,8.61
Delhi,26-09-2021,1922.61,0.19,50.72,14.13,31.47,143.95,177.95,7.79
Delhi,27-09-2021,1281.74,0.03,35.3,23.25,28.61,77.16,98.36,6.84
Delhi,28-09-2021,2590.18,16.09,67.17,0.18,35.76,157.79,213.67,9.5
Delhi,29-09-2021,1001.36,0.33,36.33,11.98,31.47,50.86,67.15,6.97
Delhi,30-09-2021,1255.04,0,40.44,53.64,35.29,108.47,128.03,7.35
Delhi,01-10-2021,6088.26,94.77,71.29,0,41.96,384.97,475.31,12.16
Delhi,02-10-2021,2429.96,12.85,74.71,0.18,27.18,153.82,192.01,10.01
Delhi,03-10-2021,1335.14,2.26,45.24,3.13,22.41,60.58,87.6,12.03
Delhi,04-10-2021,2136.23,34.42,43.87,0,25.99,89.92,142.98,17.99
Delhi,05-10-2021,11749.27,321.87,67.17,0,116.35,695.08,948.96,68.9
Delhi,06-10-2021,8331.3,36.21,222.09,0,110.63,834.89,984.12,30.65
Delhi,07-10-2021,3337.86,41.13,56.89,0,34.81,220.89,299.56,13.17
Delhi,08-10-2021,4379.27,38,91.85,0,41.96,297.8,391.63,18.24
Delhi,09-10-2021,8651.73,173.45,98.71,0,72.48,539.29,715.42,40.03
Delhi,10-10-2021,4753.11,66.16,78.83,0,43.39,290.74,421.47,29.39
Delhi,11-10-2021,11749.27,246.76,124.75,0,103,734.13,916.31,80.05
Delhi,12-10-2021,9506.23,135.9,146.69,0,70.57,599.39,718.04,48.13
Delhi,13-10-2021,4432.68,65.27,63.75,0,42.44,270.9,397.04,34.96
Delhi,14-10-2021,1708.98,0,47.98,52.93,36.72,192.91,254.63,27.87
Delhi,15-10-2021,1668.93,0.02,54.15,28.97,33.38,125.62,167.33,27.11
Delhi,16-10-2021,3391.27,19.67,78.83,0.07,39.58,235.47,314.61,30.15
Delhi,17-10-2021,5073.55,59.9,85.68,0,39.1,374.58,466.87,31.92
Delhi,18-10-2021,2643.59,27.94,45.24,0,39.58,164.92,212.43,7.98
Delhi,19-10-2021,1895.9,27.72,38.04,0,40.53,100.8,154.35,8.23
Delhi,20-10-2021,1388.55,0.39,51.41,15.02,23.6,84.94,110.44,9.12
Delhi,21-10-2021,1588.82,0,53.47,36.84,28.61,119.24,160.73,24.07
Delhi,22-10-2021,1001.36,0,40.1,51.5,24.08,71,114.09,22.04
Delhi,23-10-2021,9719.85,268.22,111.04,0,123.98,528.91,672.74,126.66
Delhi,24-10-2021,1482.01,3.49,45.24,2.08,18.36,84.78,116.25,16.21
Delhi,25-10-2021,1535.42,0.41,47.3,14.13,23.84,114.77,146.94,6.14
Delhi,26-10-2021,2029.42,1.44,60.32,7.51,29.56,172.32,215.38,8.61
Delhi,27-10-2021,3578.19,30.85,76.77,0,37.19,232.14,324.04,23.56
Delhi,28-10-2021,2002.72,0.04,59.63,27.18,31.47,142.9,187.74,25.08
Delhi,29-10-2021,3231.05,22.8,76.08,0.02,33.38,210.04,279.84,21.03
Delhi,30-10-2021,2296.45,0,63.75,43.27,33.85,180.92,230.25,26.6
Delhi,31-10-2021,1522.06,0,32.56,87.98,26.7,139.41,169.04,24.32
Delhi,01-11-2021,9613.04,225.31,81.57,0,89.65,643.17,803.56,50.66
Delhi,02-11-2021,2296.45,0,67.86,46.49,31.95,252.04,308.54,16.47
Delhi,03-11-2021,2510.07,0,76.77,50.07,30.52,285.38,330.13,15.33
Delhi,04-11-2021,3845.21,66.16,87.74,0,34.81,240.65,313.04,35.46
Delhi,05-11-2021,10787.96,168.09,160.4,0,188.83,828.39,1006.96,139.83
Delhi,06-11-2021,7263.18,148.42,86.37,0,49.59,502.99,620.7,51.68
Delhi,07-11-2021,1842.5,0,30.5,105.86,24.32,158.99,190.59,24.57
Delhi,08-11-2021,2750.4,1.38,78.83,10.82,27.89,225.99,280.56,28.63
Delhi,09-11-2021,3337.86,0,61.69,48.64,32.9,291.12,340.99,31.92
Delhi,10-11-2021,8438.11,59.01,153.54,0,70.57,657.96,816.91,52.69
Delhi,11-11-2021,8865.36,107.29,122.01,0,69.62,679.38,883.47,63.84
Delhi,12-11-2021,7049.56,84.94,90.48,0,49.11,566.99,725.2,38
Delhi,13-11-2021,4699.71,29.5,100.08,0.07,36.24,358.96,442.3,35.46
Delhi,14-11-2021,3204.35,0.43,78.14,13.77,27.42,263.54,312.71,28.88
Delhi,15-11-2021,4806.52,45.6,95.96,0,35.76,339.18,414.28,35.46
Delhi,16-11-2021,3685,35.76,72.66,0,40.05,294.55,369.59,36.48
Delhi,17-11-2021,4112.24,32.19,80.2,0,40.05,361.81,452.32,36.48
Delhi,18-11-2021,15380.86,275.37,180.96,0,114.44,1222.99,1404.53,63.84
Delhi,19-11-2021,12390.14,166.3,241.28,0,131.61,1159.48,1342.76,77.01
Delhi,20-11-2021,9078.98,177.03,80.2,0,54.84,641.86,803.04,48.64
Delhi,21-11-2021,3685,25.93,80.2,0.03,34.33,304.08,382.11,31.16
Delhi,22-11-2021,1428.6,0,34.27,70.81,26.23,151.84,171.4,23.56
Delhi,23-11-2021,1255.04,0,34.62,72.24,25.99,138.78,159.88,21.79
Delhi,24-11-2021,7476.81,119.81,93.22,0,63.9,583.3,722.69,52.69
Delhi,25-11-2021,5287.17,56.77,105.56,0,32.42,512.74,603.92,17.23
Delhi,26-11-2021,4005.43,54.54,101.45,0,25.27,292.74,354.29,13.55
Delhi,27-11-2021,10040.28,250.34,101.45,0,104.9,638.78,802.1,89.17
Delhi,28-11-2021,2670.29,10.06,75.4,0.43,21.93,279.42,330.04,7.6
Delhi,29-11-2021,8972.17,96.56,189.19,0,108.72,845.97,1047.57,68.9
Delhi,30-11-2021,1508.71,0,45.24,43.27,25.51,154.58,179,25.59
Delhi,01-12-2021,5126.95,58.11,85,0,39.58,430.24,547.86,23.31
Delhi,02-12-2021,3284.45,14.75,85,0.34,37.19,337.91,411.86,22.29
Delhi,03-12-2021,3070.83,4.02,80.2,4.11,35.29,311.95,359.67,8.23
Delhi,04-12-2021,9506.23,173.45,126.12,0,112.53,761.46,970.54,69.92
Delhi,05-12-2021,10040.28,182.39,156.28,0,73.43,776.05,927.42,66.88
Delhi,06-12-2021,4325.87,53.64,113.79,0,69.62,435.28,482.83,4.94
Delhi,07-12-2021,2483.37,14.31,61.69,0.13,27.42,209.32,263.41,7.73
Delhi,08-12-2021,1949.31,2.77,63.06,4.92,26.94,140.37,176.87,22.55
Delhi,09-12-2021,4165.65,46.04,74.71,0,31.47,318.34,393.56,15.96
Delhi,10-12-2021,4539.49,50.07,82.94,0,28.61,351.25,419.77,11.27
Delhi,11-12-2021,2029.42,0.21,62.38,21.1,26.7,189.78,222.14,18.24
Delhi,12-12-2021,3017.43,23.47,65.8,0.02,24.08,266.3,319.45,18.75
Delhi,13-12-2021,8117.68,143.05,175.48,0,185.01,617.8,727.99,145.91
Delhi,14-12-2021,11215.21,169.87,178.22,0,171.66,1024.08,1203.2,102.34
Delhi,15-12-2021,5233.76,54.99,117.9,0,57.7,525.09,648.27,16.72
Delhi,16-12-2021,6675.72,78.68,116.53,0,49.11,565.31,675.59,39.01
Delhi,17-12-2021,2082.82,0.12,65.8,23.6,30.52,225.07,270.59,10.26
Delhi,18-12-2021,1361.85,0,40.78,58.65,26.23,118.98,140.33,23.05
Delhi,19-12-2021,1054.76,0,23.31,92.98,24.56,119.85,132.62,18.49
Delhi,20-12-2021,1361.85,0,36.33,62.23,22.89,163.59,186.56,16.09
Delhi,21-12-2021,8331.3,160.93,82.25,0,50.54,676.2,817.45,27.11
Delhi,22-12-2021,6942.75,102.82,91.85,0,41.96,606.66,745.22,18.24
Delhi,23-12-2021,12176.51,209.21,132.98,0,54.84,983.47,1135.54,53.2
Delhi,24-12-2021,9506.23,180.6,100.08,0,64.85,833.3,1010.93,39.52
Delhi,25-12-2021,9719.85,126.96,150.8,0,47.21,949.58,1115.59,18.75
Delhi,26-12-2021,15167.24,303.98,169.99,0,50.54,1308.97,1473.56,31.66
Delhi,27-12-2021,3898.62,15.2,90.48,0.25,59.13,465.28,501.66,5.89
Delhi,28-12-2021,5233.76,100.14,68.55,0,44.35,390.51,517.91,15.45
Delhi,29-12-2021,14739.99,414.85,137.09,0,312.81,1236.74,1449.67,168.2
Delhi,30-12-2021,3204.35,21.68,74.71,0.03,28.13,278.29,340.55,18.75
Delhi,31-12-2021,4005.43,32.19,91.85,0.07,26.94,293.98,362.25,10.39
Delhi,01-01-2022,3231.05,21.01,89.11,0.05,24.56,287.77,339.9,7.16
Delhi,02-01-2022,3631.59,31.74,78.14,0.03,20.5,350.99,402.47,6.46
Delhi,03-01-2022,3417.97,15.87,71.29,0.14,22.41,370.63,429.05,8.36
Delhi,04-01-2022,4753.11,58.11,70.6,0,28.13,459.15,536.49,9.5
Delhi,05-01-2022,9078.98,144.84,81.57,0,58.17,791.25,986.25,30.91
Delhi,06-01-2022,1655.58,0,35.3,53.64,26.94,225.3,234.04,4.69
Delhi,07-01-2022,1575.47,0.54,48.67,16.81,26.7,196.7,210.91,5.57
Delhi,08-01-2022,827.79,0,23.99,50.78,21.46,94.53,100.64,4.37
Delhi,09-01-2022,1869.2,22.13,54.84,0,46.73,125.48,140.61,6.52
Delhi,10-01-2022,1642.23,7.71,33.93,0.54,18.6,93.02,115.37,5.57
Delhi,11-01-2022,4272.46,67.06,52.78,0,25.99,327.84,407,9.5
Delhi,12-01-2022,1588.82,0.14,51.41,24.32,22.41,143.62,166.68,5.45
Delhi,13-01-2022,4592.9,71.53,73.34,0,26.23,399.71,475.15,8.74
Delhi,14-01-2022,12390.14,293.25,191.93,0,211.72,891.09,1055,166.18
Delhi,15-01-2022,3845.21,43.81,67.17,0,22.41,351.25,408.53,7.98
Delhi,16-01-2022,3578.19,36.66,53.47,0,22.41,366.44,426.98,9.37
Delhi,17-01-2022,6141.66,87.62,72.66,0,36.24,603.1,694.38,16.47
Delhi,18-01-2022,12069.7,271.8,95.96,0,154.5,1031.91,1229.38,109.43
Delhi,19-01-2022,2349.85,4.53,63.06,2.5,24.56,317.58,357.65,5.83
Delhi,20-01-2022,6355.29,80.47,77.46,0,45.3,579.09,679.71,18.24
Delhi,21-01-2022,10147.09,239.61,87.05,0,104.9,781.68,897.25,59.78
Delhi,22-01-2022,2483.37,0,59.63,75.82,30.52,387.48,415.3,2.75
Delhi,23-01-2022,854.49,0,22.96,66.52,27.89,114.62,117.42,2.63
Delhi,24-01-2022,2056.12,24.59,34.27,0.01,29.09,130.78,155.47,10.26
Delhi,25-01-2022,3685,63.48,42.16,0,26.7,246.48,319.13,9.63
Delhi,26-01-2022,2403.26,11.73,58.26,0.34,24.08,210.13,251.11,6.78
Delhi,27-01-2022,1895.9,0.73,56.21,12.87,23.13,167.2,198.44,5.76
Delhi,28-01-2022,1255.04,0.01,42.5,42.92,23.37,106.36,126.95,10.77
Delhi,29-01-2022,1922.61,7.93,65.8,0.95,22.41,138.8,174.83,6.46
Delhi,30-01-2022,1295.09,0.09,41.81,26.11,17.88,103.47,128.59,6.02
Delhi,31-01-2022,1602.17,0.92,50.72,11.27,17.88,146.79,176.54,5.38
Delhi,01-02-2022,10574.34,189.54,174.11,0,205.99,886.09,1092.21,158.07
Delhi,02-02-2022,1842.5,0.52,54.84,15.02,26.46,251.53,304.17,6.52
Delhi,03-02-2022,1321.79,0,33.93,97.27,40.53,252.61,292.91,5.64
Delhi,04-02-2022,1068.12,0,25.02,54.36,24.08,123.7,134.77,3.93
Delhi,05-02-2022,3791.81,75.1,54.84,0,39.1,263.9,359.83,11.65
Delhi,06-02-2022,8651.73,130.53,100.08,0,38.62,727.23,844.73,9.5
Delhi,07-02-2022,4592.9,51.86,85.68,0,24.32,365.08,434.15,11.02
Delhi,08-02-2022,7370,137.69,94.59,0,37.67,527.41,650.99,17.73
Delhi,09-02-2022,8224.49,150.2,75.4,0,58.17,743.98,899.1,25.08
Delhi,10-02-2022,5554.2,91.2,54.84,0,40.05,451.79,567.99,11.4
Delhi,11-02-2022,1708.98,0,37.7,75.82,28.85,151.73,174.51,19.25
Delhi,12-02-2022,1228.33,0,33.59,68.66,25.03,138.43,162.38,15.45
Delhi,13-02-2022,6141.66,132.32,40.78,0,45.3,480.68,603.79,24.07
Delhi,14-02-2022,7690.43,95.67,141.2,0,95.37,737.79,928.18,78.02
Delhi,15-02-2022,13351.44,257.49,135.72,0,122.07,1172.21,1436.61,86.13
Delhi,16-02-2022,6301.88,93.88,76.77,0,48.16,629.14,797.09,19.25
Delhi,17-02-2022,2456.67,9.16,74.03,1.92,31.95,234.08,297.55,9.25
Delhi,18-02-2022,7370,112.65,91.85,0,69.62,551.5,672.41,50.66
Delhi,19-02-2022,2590.18,17.43,69.23,0.09,35.29,185.53,252.28,27.61
Delhi,20-02-2022,1094.82,0,29.13,74.39,29.33,126.1,146.69,18.24
Delhi,21-02-2022,1468.66,0.25,43.87,28.61,31.47,154.82,182.25,21.53
Delhi,22-02-2022,8544.92,150.2,137.09,0,59.13,614.43,709.44,53.7
Delhi,23-02-2022,821.11,0,21.59,127.32,50.07,151.29,165.3,14.06
Delhi,24-02-2022,7476.81,113.55,85,0,49.11,666.63,819.41,20.01
Delhi,25-02-2022,3017.43,29.06,61.69,0.01,34.81,248.45,324.82,12.03
Delhi,26-02-2022,1214.98,0,34.62,100.14,40.53,143.24,167.72,7.35
Delhi,27-02-2022,787.73,0,28.1,59.37,28.37,33.31,47.31,17.23
Delhi,28-02-2022,1041.41,0,34.96,47.21,24.56,69.36,90.32,22.29
Delhi,01-03-2022,1922.61,0.09,60.32,26.11,32.9,159.69,196.6,24.07
Delhi,02-03-2022,3044.13,16.54,74.03,0.34,29.56,229.58,290.19,16.97
Delhi,03-03-2022,9185.79,130.53,143.95,0,110.63,630.18,762.37,69.92
Delhi,04-03-2022,7263.18,97.45,90.48,0,55.31,651.61,850.37,23.56
Delhi,05-03-2022,767.71,0,21.76,76.53,21.7,56.1,66.52,15.71
Delhi,06-03-2022,1014.71,0,27.42,67.23,20.27,84.41,101,20.52
Delhi,07-03-2022,6355.29,29.95,202.89,0.01,55.31,548.58,643.64,49.65
Delhi,08-03-2022,7797.24,61.69,142.57,0,72.48,803.21,1008.75,52.69
Delhi,09-03-2022,3097.53,17.66,72.66,0.05,36.72,213.76,283.39,31.41
Delhi,10-03-2022,1522.06,1.16,50.72,7.06,30.99,100.04,137.74,27.61
Delhi,11-03-2022,1321.79,0,38.73,65.09,32.42,103.49,131.12,22.04
Delhi,12-03-2022,1214.98,0,38.04,47.92,29.09,88.24,116.08,24.57
Delhi,13-03-2022,1375.2,0,39.07,42.92,24.08,95.15,129.52,20.77
Delhi,14-03-2022,3738.4,36.66,65.8,0,34.81,254.3,350.07,27.36
Delhi,15-03-2022,5981.45,73.31,82.94,0,51.98,417.25,569.16,35.97
Delhi,16-03-2022,1148.22,0,34.62,54.36,27.89,114.38,167.1,21.79
Delhi,17-03-2022,1388.55,0,37.7,52.93,28.37,152.48,201.7,24.32
Delhi,18-03-2022,2323.15,0.64,71.29,24.32,38.62,303.01,374.47,17.73
Delhi,19-03-2022,3524.78,32.63,82.94,0.02,33.86,294.62,370.39,31.92
Delhi,20-03-2022,3097.53,0.04,94.59,21.82,49.11,284.1,342.71,24.32
Delhi,21-03-2022,5020.14,42.92,71.29,0,59.6,439.23,560.3,39.01
Delhi,22-03-2022,827.79,0,25.36,84.4,35.76,98.74,131.74,20.52
Delhi,23-03-2022,1134.87,0,29.47,104.43,40.05,136.08,169.56,22.55
Delhi,24-03-2022,5874.63,42.02,159.03,0,112.53,403.49,487.74,32.93
Delhi,25-03-2022,2777.1,14.19,78.83,0.14,54.84,193.2,304.74,33.94
Delhi,26-03-2022,1094.82,0,36.67,62.23,36.24,86.06,119.67,24.07
Delhi,27-03-2022,801.09,0,21.08,87.26,22.17,83.82,109.88,19.76
Delhi,28-03-2022,3631.59,30.4,76.09,0,67.71,222.64,323.19,40.53
Delhi,29-03-2022,4806.52,48.28,98.71,0,97.27,290.53,430.58,42.56
Delhi,30-03-2022,6942.75,110.86,89.11,0,137.33,406.58,604.36,65.86
Delhi,31-03-2022,11428.83,135.9,163.14,0,181.2,758.82,971.89,62.32
Delhi,01-04-2022,4112.24,9.61,95.96,1.56,69.62,428.06,542.86,36.48
Delhi,02-04-2022,1375.2,0,44.55,67.95,39.58,75.23,102.11,23.05
Delhi,03-04-2022,1762.39,0,46.61,86.55,51.5,141.96,177.26,26.09
Delhi,04-04-2022,5020.14,34.87,113.79,0,114.44,303.58,421.74,60.8
Delhi,05-04-2022,1522.06,0,49.35,58.65,49.11,100.02,142.94,25.59
Delhi,06-04-2022,1308.44,0,41.81,73.67,43.39,91.93,129.98,23.05
Delhi,07-04-2022,1708.98,0,54.84,51.5,54.84,108.25,148.74,27.11
Delhi,08-04-2022,2136.23,0.22,67.86,16.81,61.99,121.26,170.73,30.15
Delhi,09-04-2022,1441.96,0,51.41,47.92,45.78,78.08,128.06,22.29
Delhi,10-04-2022,2429.96,3.8,79.51,3.08,79.15,132.15,197.05,28.63
Delhi,11-04-2022,1068.12,0,32.9,74.39,34.81,71.37,106.23,20.77
Delhi,12-04-2022,2723.69,9.72,80.2,0.33,71.53,137.39,209.91,30.15
Delhi,13-04-2022,2109.53,0.19,73.34,15.91,50.54,110.51,158.54,28.63
Delhi,14-04-2022,10574.34,169.87,109.67,0,228.88,632.96,895.71,66.88
Delhi,15-04-2022,6248.47,57.22,124.75,0,156.4,379.65,518.92,53.7
Delhi,16-04-2022,1762.39,0,54.84,59.37,58.65,120.57,170.83,26.85
Delhi,17-04-2022,1375.2,0,43.87,50.78,43.87,77.07,112.45,26.09
Delhi,18-04-2022,3417.97,19,81.57,0.03,84.88,184.34,284.26,36.98
Delhi,19-04-2022,1602.17,0,52.78,47.92,51.5,89.17,136.43,26.09
Delhi,20-04-2022,1361.85,0.02,54.84,25.39,54.36,92.23,178.89,25.33
Delhi,21-04-2022,2002.72,0.3,67.17,12.7,60.08,120.36,197.26,28.37
Delhi,22-04-2022,2296.45,2.88,69.23,3.31,66.76,149.33,255.35,32.17
Delhi,23-04-2022,714.3,0,32.22,77.96,44.35,52.23,101.27,20.52
Delhi,24-04-2022,680.92,0,23.31,103,34.33,53.08,86.04,19.76
Delhi,25-04-2022,881.2,0,23.99,95.84,29.56,55.77,86.8,22.04
Delhi,26-04-2022,1895.9,0.1,73.34,24.68,70.57,101.39,165.19,28.37
Delhi,27-04-2022,1615.52,0,53.47,87.98,55.31,97.41,158.6,23.05
Delhi,28-04-2022,1455.31,0,44.55,72.24,44.82,74.57,109.78,27.36
Delhi,29-04-2022,3017.43,19.22,76.09,0.02,78.2,147.85,242.73,32.42
Delhi,30-04-2022,1161.58,0,41.81,55.07,42.44,58.04,95.78,22.55
Delhi,01-05-2022,2403.26,2.91,78.83,2.91,63.9,112.02,183.71,27.36
Delhi,02-05-2022,794.41,0,17.99,155.93,32.42,89.86,104.64,15.2
Delhi,03-05-2022,854.49,0,25.02,100.14,41.96,51.04,62.56,18.24
Delhi,04-05-2022,1241.68,0,30.85,117.3,37.67,113.83,131.36,21.28
Delhi,05-05-2022,3070.83,0.03,109.67,19.85,93.46,192.97,259.66,35.46
Delhi,06-05-2022,2643.59,3.16,81.57,3.04,65.8,137.19,234.76,32.17
Delhi,07-05-2022,3738.4,29.06,86.37,0,89.65,194.11,305.54,36.98
Delhi,08-05-2022,2563.48,1.15,76.09,7.51,56.74,148.78,216.53,31.41
Delhi,09-05-2022,841.14,0,19.54,108.72,30.04,54.58,68.71,17.99
Delhi,10-05-2022,867.84,0,26.05,87.98,39.1,53.91,65.88,15.45
Delhi,11-05-2022,2002.72,0.01,56.21,25.75,46.73,134.06,186.1,29.64
Delhi,12-05-2022,988.01,0,24.33,124.45,37.67,106.07,122.32,20.27
Delhi,13-05-2022,1241.68,0,31.19,110.15,48.64,140.97,175.62,25.59
Delhi,14-05-2022,3524.78,16.32,106.93,0.04,92.51,200.16,304.07,38
Delhi,15-05-2022,2136.23,0.02,69.92,26.11,55.79,126.35,181.25,26.35
Delhi,16-05-2022,4165.65,44.7,109.67,0,78.2,169.86,263.82,33.94
Delhi,17-05-2022,2803.8,0,87.74,46.49,73.43,280.28,356.21,34.45
Delhi,18-05-2022,1308.44,0,34.62,114.44,53.88,150.08,182.62,21.79
Delhi,19-05-2022,1949.31,0.01,71.29,24.68,52.93,147.12,290.92,30.91
Delhi,20-05-2022,2483.37,0,71.29,30.04,84.88,194.11,368.69,34.45
Delhi,21-05-2022,1228.33,0,34.27,94.41,35.76,139.84,219.64,22.29
Delhi,22-05-2022,4379.27,39.79,108.3,0,92.51,257.58,441.2,36.48
Delhi,23-05-2022,714.3,0,18.85,108.72,30.52,93.64,137.48,15.2
Delhi,24-05-2022,1001.36,0,30.85,65.09,38.62,67.73,77.18,7.09
Delhi,25-05-2022,1922.61,0.01,65.12,33.26,39.1,122.29,161.73,17.99
Delhi,26-05-2022,5180.36,19.67,120.64,0.04,78.2,348.91,469.33,44.08
Delhi,27-05-2022,1976.01,0,60.32,39.34,48.16,157.47,209.82,29.13
Delhi,28-05-2022,1762.39,6.54,59.63,0.89,39.58,100.68,192.34,24.07
Delhi,29-05-2022,1482.01,2.32,50.72,3.8,27.66,102.36,244.77,26.85
Delhi,30-05-2022,934.6,0,21.93,94.41,26.46,116.83,207.24,22.55
Delhi,31-05-2022,5340.58,67.06,113.79,0,81.06,273.8,578.89,70.93
Delhi,01-06-2022,10894.78,67.95,224.83,0,179.29,799.3,1069.62,74.98
Delhi,02-06-2022,2830.51,14.53,84.31,0.09,65.8,172.79,362.87,29.64
Delhi,03-06-2022,5767.82,69.74,102.82,0,122.07,325.11,529.42,47.12
Delhi,04-06-2022,4165.65,17.21,115.16,0.05,131.61,236.82,370.37,44.08
Delhi,05-06-2022,4219.06,30.4,98.71,0,94.41,229.5,374.11,32.42
Delhi,06-06-2022,614.17,0,27.76,56.51,16.93,40.52,122.29,17.48
Delhi,07-06-2022,2162.93,0.99,98.71,13.23,46.73,111.82,268.38,26.35
Delhi,08-06-2022,1094.82,0,46.61,40.77,29.8,94.67,269.39,21.53
Delhi,09-06-2022,720.98,0,32.9,54.36,25.03,44.88,132.35,19.51
Delhi,10-06-2022,1682.28,7.38,71.29,1.24,38.62,102.7,278.67,25.08
Delhi,11-06-2022,1482.01,1.01,60.32,12.7,41.48,87.96,219.65,25.59
Delhi,12-06-2022,1108.17,0,43.18,28.97,32.9,79.27,205.45,22.29
Delhi,13-06-2022,1295.09,0.19,48.67,13.23,38.15,67.18,147.57,23.31
Delhi,14-06-2022,447.27,0,17.82,62.94,17.88,27.2,71.61,15.45
Delhi,15-06-2022,417.23,0,13.02,54.36,12.87,15.62,29.55,12.29
Delhi,16-06-2022,377.18,0,12.17,64.37,11.8,13.49,24.88,9.63
Delhi,17-06-2022,961.3,0.01,42.16,28.61,26.46,35.16,59.11,18.24
Delhi,18-06-2022,2857.21,34.87,74.71,0,51.5,130.07,185.47,21.28
Delhi,19-06-2022,567.44,0,23.99,35.76,17.17,16.51,25.52,11.02
Delhi,20-06-2022,1268.39,4.69,50.72,0.88,24.56,45.99,72.04,16.97
Delhi,21-06-2022,1308.44,2.35,54.84,3.62,24.8,54.55,81.9,18.49
Delhi,22-06-2022,1815.8,0,58.26,61.51,41.96,160.84,189.86,9.37
Delhi,23-06-2022,1428.6,0,45.93,53.64,36.72,109.91,146.82,24.32
Delhi,24-06-2022,1241.68,0,39.07,72.96,35.29,76.91,107.69,24.57
Delhi,25-06-2022,3738.4,13.97,102.82,0.24,62.94,197.02,314.51,34.45
Delhi,26-06-2022,4379.27,3.97,135.72,10.46,74.39,285.74,379.24,32.17
Delhi,27-06-2022,727.65,0,20.22,135.9,37.67,38.9,45.6,12.92
Delhi,28-06-2022,894.55,0,30.5,50.78,43.87,24.75,34.06,16.21
Delhi,29-06-2022,8972.17,148.42,113.79,0,118.26,415.8,598.59,67.89
Delhi,30-06-2022,907.9,0,31.19,40.77,51.02,49.15,57.58,11.53
Delhi,01-07-2022,1241.68,11.51,53.47,0.01,71.53,62.63,73.58,5.45
Delhi,02-07-2022,4219.06,68.84,119.27,0,74.39,308.77,369.31,10.89
Delhi,03-07-2022,647.54,0,24.33,53.64,28.13,39.03,43.73,7.73
Delhi,04-07-2022,4058.84,53.64,63.75,0,42.44,219.59,277.82,14.44
Delhi,05-07-2022,6568.91,78.68,112.41,0,64.85,390.66,522.91,34.96
Delhi,06-07-2022,867.84,0,25.7,128.75,49.11,67.24,75.63,6.02
Delhi,07-07-2022,2029.42,0.09,65.12,16.81,36.24,89.18,127.37,14.19
Delhi,08-07-2022,1094.82,0.01,40.78,27.54,35.29,52.8,75.62,16.97
Delhi,09-07-2022,1241.68,0,40.78,52.93,32.9,81.85,104.21,24.07
Delhi,10-07-2022,774.38,0,25.7,33.26,28.85,45.13,50.96,5.38
Delhi,11-07-2022,1789.09,0.39,57.58,9.39,42.92,110.52,146.38,11.02
Delhi,12-07-2022,4219.06,0,93.22,86.55,89.65,403.42,465.82,11.02
Delhi,13-07-2022,1762.39,0.66,65.8,13.95,38.62,109.76,142.37,16.09
Delhi,14-07-2022,1789.09,0.01,56.21,25.03,46.73,110.26,154.04,15.2
Delhi,15-07-2022,1108.17,0.11,46.61,15.56,49.59,63.62,86.44,8.74
Delhi,16-07-2022,1708.98,0.73,63.75,10.64,33.38,89.88,121.54,12.79
Delhi,17-07-2022,907.9,0,30.85,38.98,31.47,58.9,69.14,6.21
Delhi,18-07-2022,2643.59,17.43,58.95,0.01,34.81,148.05,206.26,10.13
Delhi,19-07-2022,1976.01,0.61,67.17,19.13,38.15,127.77,168.38,18.49
Delhi,20-07-2022,4913.33,16.99,183.7,0,150.68,557.66,628.46,5.83
Delhi,22-07-2022,4806.52,102.82,52.78,0,86.78,323.53,380.79,13.55
Delhi,23-07-2022,2403.26,22.8,76.09,0,86.78,125.46,150.84,8.74
Delhi,24-07-2022,1228.33,0.22,38.73,12.16,29.8,57.51,75.67,5.95
Delhi,25-07-2022,627.52,0,25.02,46.49,34.33,35.1,39.18,4.62
Delhi,26-07-2022,854.49,0,33.59,63.66,44.35,63.29,70.57,5.51
Delhi,27-07-2022,961.3,0,29.82,61.51,32.42,73.89,82.28,6.71
Delhi,28-07-2022,974.66,3.74,35.64,1.11,33.38,45.65,54.06,5.95
Delhi,29-07-2022,1789.09,27.94,46.61,0,44.82,77.27,105.11,10.77
Delhi,30-07-2022,3284.45,66.16,55.52,0,46.73,151.43,196.07,13.3
Delhi,31-07-2022,8865.36,232.46,61.01,0,146.87,527.3,656.23,83.09
Delhi,01-08-2022,1548.77,18.55,40.1,0.04,30.28,70.01,95.41,6.59
Delhi,02-08-2022,2830.51,50.07,49.35,0,33.86,132.48,190.28,9.75
Delhi,03-08-2022,2616.88,40.23,55.52,0,32.42,111.07,161.65,11.4
Delhi,04-08-2022,1441.96,15.87,45.24,0,32.42,95.9,116.24,7.66
Delhi,05-08-2022,1415.25,8.27,46.61,0.16,46.73,72.35,89.82,6.97
Delhi,06-08-2022,4432.68,36.66,82.94,0,40.05,269.42,348.59,13.17
Delhi,07-08-2022,2296.45,0.92,53.47,7.42,25.51,117.27,141.25,7.28
Delhi,08-08-2022,2029.42,6.09,49.35,0.51,30.99,91.72,122.92,7.35
Delhi,09-08-2022,4539.49,70.63,58.95,0,40.53,236.25,315.42,10.39
Delhi,10-08-2022,2696.99,15.87,61.01,0.03,39.58,148.27,209.74,9.37
Delhi,11-08-2022,821.11,0,32.9,46.49,36.72,56.58,73.12,15.58
Delhi,12-08-2022,1348.5,0.01,43.18,26.46,35.29,89.96,123.95,8.36
Delhi,13-08-2022,894.55,0,35.99,62.94,40.05,69.56,80.29,9.12
Delhi,14-08-2022,2243.04,26.82,47.3,0,29.8,123.59,165.2,11.02
Delhi,15-08-2022,2162.93,20.56,43.87,0,41.48,142.73,180.47,11.65
Delhi,16-08-2022,1108.17,0.01,35.64,29.68,36.24,73.53,102.17,8.36
Delhi,17-08-2022,453.95,0,23.31,36.84,27.89,28.38,34.34,7.66
Delhi,18-08-2022,1188.28,7.04,39.07,0.63,26.94,50.69,73.37,9.25
Delhi,19-08-2022,1001.36,0.17,42.5,17.88,23.37,42.08,60.31,13.68
Delhi,20-08-2022,1081.47,2.82,42.5,3.53,30.99,38.35,59.77,17.48
Delhi,21-08-2022,4272.46,61.69,71.29,0,51.5,271.8,355.2,9.63
Delhi,22-08-2022,881.2,0,28.79,34.69,25.99,55.1,72.51,12.03
Delhi,23-08-2022,580.79,0.01,29.47,31.47,46.25,16.89,24.69,8.74
Delhi,24-08-2022,453.95,0,17.99,55.79,21.22,24.39,30.15,8.49
Delhi,25-08-2022,1174.93,0.09,48.67,17.88,36.24,78.57,98.93,9.5
Delhi,26-08-2022,1201.63,5.36,49.35,3.44,28.37,46.93,71.17,20.52
Delhi,27-08-2022,720.98,0,30.5,39.34,30.04,30.97,43.91,15.45
Delhi,28-08-2022,500.68,0,20.56,42.56,19.79,18.89,37.91,12.79
Delhi,29-08-2022,1201.63,2.82,48.67,5.19,29.8,47.25,86.14,19
Delhi,30-08-2022,2002.72,0,69.92,30.4,65.8,186.31,243.61,19.51
Delhi,31-08-2022,3898.62,52.75,79.51,0,81.06,208.73,311.49,39.52
Delhi,01-09-2022,1508.71,7.04,55.52,0.4,35.29,69.6,105.1,24.83
Delhi,02-09-2022,6622.31,121.59,69.23,0,90.6,364.28,520.42,45.09
Delhi,03-09-2022,5821.23,101.92,77.46,0,89.65,314.48,471.65,49.65
Delhi,04-09-2022,507.35,0,19.71,45.78,15.74,20.84,41.61,14.69
Delhi,05-09-2022,440.6,0,17.82,44.35,13.95,12.86,23.93,12.92
Delhi,06-09-2022,1201.63,2.18,52.09,3.62,29.8,47.28,82.05,22.04
Delhi,07-09-2022,2189.64,10.06,74.03,1.39,79.15,131.61,212.28,30.4
Delhi,08-09-2022,4005.43,58.11,67.17,0,74.39,211.21,330.71,41.54
Delhi,09-09-2022,1789.09,0,60.32,46.49,42.92,186.32,227.57,25.08
Delhi,10-09-2022,1081.47,0,31.53,76.53,42.44,85.48,98.32,17.73
Delhi,11-09-2022,1295.09,0.02,42.84,22.89,26.46,68.38,88.43,22.8
Delhi,12-09-2022,847.82,0,31.53,35.41,30.52,37.53,54.1,19.25
Delhi,13-09-2022,1028.06,0.15,42.5,16.81,33.38,48.11,66.29,21.28
Delhi,14-09-2022,494,0.02,31.19,26.82,46.73,15.23,22.52,9.37
Delhi,15-09-2022,627.52,0.71,37.36,8.31,56.27,24.95,30.37,3.86
Delhi,16-09-2022,947.95,7.6,38.73,0.27,51.5,47.63,57.08,4.37
Delhi,17-09-2022,4112.24,78.68,79.51,0,49.59,231.31,293.95,7.03
Delhi,18-09-2022,1415.25,0,40.1,41.13,25.51,145.35,197.64,7.09
Delhi,19-09-2022,2696.99,0.11,74.03,16.27,33.86,283.83,350.55,9.12
Delhi,20-09-2022,2243.04,0.12,64.43,16.27,34.81,211.44,254.88,13.93
Delhi,21-09-2022,2349.85,8.49,67.17,0.45,35.29,140.13,182.55,8.61
Delhi,22-09-2022,13458.25,314.71,78.14,0,144.96,958.55,1161.76,78.02
Delhi,23-09-2022,961.3,2.65,37.7,2.75,41.48,39.54,46.95,4.02
Delhi,24-09-2022,1308.44,4.3,47.98,1.23,53.88,62.34,72.03,4.62
Delhi,25-09-2022,834.47,8.83,27.76,0.05,31.47,36.37,43.35,4.88
Delhi,26-09-2022,7049.56,118.02,54.15,0,42.44,466.6,616.75,16.09
Delhi,27-09-2022,3417.97,49.62,54.15,0,36.24,206.2,304.74,10.89
Delhi,28-09-2022,6942.75,139.47,50.72,0,55.79,443.99,611.02,21.28
Delhi,29-09-2022,5661.01,97.45,65.12,0,51.5,367.04,513.25,15.45
Delhi,30-09-2022,7263.18,135.9,63.06,0,53.88,499.78,654.52,20.27
Delhi,01-10-2022,8651.73,148.42,89.11,0,67.71,641.1,802.07,22.55
Delhi,02-10-2022,7690.43,137.69,76.09,0,47.68,511.14,640.83,21.28
Delhi,03-10-2022,1428.6,0.05,45.24,21.46,25.75,104.3,164.93,21.53
Delhi,04-10-2022,1388.55,0.01,47.3,29.68,32.42,93.09,136.05,25.84
Delhi,05-10-2022,2243.04,0.79,69.23,9.12,30.99,242.16,289.51,9.25
Delhi,06-10-2022,934.6,0.04,40.44,22.89,38.62,51.41,65.91,7.66
Delhi,07-10-2022,847.82,0.78,44.55,7.78,51.5,32.64,47.6,13.17
Delhi,08-10-2022,961.3,12.41,34.96,0.01,56.27,41.25,48.99,3.99
Delhi,09-10-2022,847.82,2.01,33.93,3.08,42.44,36.68,42.43,3.39
Delhi,10-10-2022,787.73,0.41,27.76,10.46,20.74,27.5,32.94,4.88
Delhi,11-10-2022,2029.42,22.8,42.16,0,33.38,104.32,138.44,10.13
Delhi,12-10-2022,12283.33,225.31,145.32,0,228.88,944.99,1150.47,131.73
Delhi,13-10-2022,2269.74,3.16,61.69,3,29.33,177.68,222.19,8.61
Delhi,14-10-2022,1922.61,0.17,56.21,17.7,29.8,154.85,199.53,19.25
Delhi,15-10-2022,2189.64,0.74,63.06,10.73,30.28,186.66,238.67,21.79
Delhi,16-10-2022,4646.3,53.2,68.55,0,39.58,340.63,447.36,31.66
Delhi,17-10-2022,4165.65,72.42,72.66,0,25.27,259.51,334.07,15.07
Delhi,18-10-2022,4699.71,80.47,80.2,0,35.29,283.36,370.48,31.16
Delhi,19-10-2022,6782.53,111.76,112.41,0,51.5,391,465.24,38.5
Delhi,20-10-2022,5874.63,45.15,142.57,0,47.21,510.11,615.2,21.53
Delhi,21-10-2022,3738.4,0.89,108.3,12.16,61.99,457.36,536.1,13.93
Delhi,22-10-2022,9078.98,207.42,123.38,0,102.04,560.42,725.78,81.06
Delhi,23-10-2022,2777.1,19,59.63,0.03,25.75,209.95,283.04,21.28
Delhi,24-10-2022,3337.86,35.76,61.01,0,28.37,225.95,297.58,24.32
Delhi,25-10-2022,2029.42,0.03,60.32,26.82,31.95,128.37,170.05,29.39
Delhi,26-10-2022,4646.3,55.43,76.09,0,43.87,320.64,436.03,35.97
Delhi,27-10-2022,9292.6,212.79,130.24,0,162.12,569.43,740.11,114.5
Delhi,28-10-2022,12496.95,268.22,224.83,0,263.21,772.65,983.85,192.52
Delhi,29-10-2022,14526.37,132.32,444.17,0,316.62,1291.21,1522.5,174.28
Delhi,30-10-2022,11535.64,150.2,293.37,0,213.62,814.53,993.18,137.81
Delhi,31-10-2022,8758.54,169.87,100.08,0,90.6,563.88,716.82,62.82
Delhi,01-11-2022,10360.72,137.69,222.09,0,181.2,732.52,886.38,131.73
Delhi,02-11-2022,2723.69,23.47,70.6,0.02,25.27,186.51,249.79,14.06
Delhi,03-11-2022,4165.65,33.08,80.2,0,32.9,354.31,466.41,17.48
Delhi,04-11-2022,7376,121.75,79,0,49.62,500,666,17.48
Delhi,05-11-2022,3584,0,78.25,35.12,31,390,470,6.84
Delhi,06-11-2022,2002.72,0,50.04,51.5,20.98,295.8,351.63,6.84
Delhi,07-11-2022,5607.6,91.2,70.6,0,30.52,476.37,612.56,14.06
Delhi,08-11-2022,6782.53,74.21,211.12,0,137.33,578.21,712.16,93.22
Delhi,09-11-2022,14312.74,228.88,157.65,0,156.4,1310.04,1526.05,82.08
Delhi,10-11-2022,16021.73,336.17,315.31,0,381.47,1318.39,1499.53,182.39
Delhi,11-11-2022,2483.37,8.72,72.66,0.64,27.42,166.01,213.47,12.16
Delhi,12-11-2022,2029.42,0,50.72,65.09,31.47,145.48,178.85,28.63
Delhi,13-11-2022,1708.98,0,40.1,68.66,25.51,124.51,153.63,25.59
Delhi,14-11-2022,8438.11,184.18,104.19,0,71.53,551.62,682.97,50.16
Delhi,15-11-2022,2029.42,0,52.78,50.07,41.96,208.37,259.31,25.08
Delhi,16-11-2022,14526.37,311.14,167.25,0,158.31,1080,1358.15,108.42
Delhi,17-11-2022,1815.8,0.03,60.32,31.47,33.86,121.61,157.4,29.13
Delhi,18-11-2022,1895.9,0.1,62.38,23.96,32.42,127.66,163.14,29.39
Delhi,19-11-2022,7263.18,150.2,70.6,0,52.45,462.25,587.66,51.17
Delhi,20-11-2022,3337.86,8.72,94.59,3.13,26.7,250.54,311.61,24.57
Delhi,21-11-2022,1468.66,0.01,45.24,38.62,24.08,124.06,151.13,26.85
Delhi,22-11-2022,1575.47,0.01,52.78,34.33,31.47,104.3,135.5,27.11
Delhi,23-11-2022,1628.88,0.2,56.89,19.13,32.42,100.82,131.24,28.12
Delhi,24-11-2022,1281.74,0.02,48.67,32.9,28.37,74.76,100.14,24.57
Delhi,25-11-2022,6195.07,134.11,69.23,0,54.36,418.56,539.17,49.14
Delhi,26-11-2022,2723.69,1.37,80.88,8.67,32.9,256.4,312.06,31.41
Delhi,27-11-2022,2296.45,0.06,59.63,25.39,24.56,270.61,320.9,27.36
Delhi,28-11-2022,5020.14,76,69.23,0,28.37,423.36,524.64,16.97
Delhi,29-11-2022,8758.54,153.78,87.05,0,86.78,712.22,869.85,62.82
Delhi,30-11-2022,5233.76,89.41,80.88,0,30.52,413.03,498.34,17.23
Delhi,01-12-2022,3738.4,28.39,78.14,0.01,28.61,333.41,396.07,12.92
Delhi,02-12-2022,6782.53,144.84,70.6,0,40.53,557.39,679.51,18.75
Delhi,03-12-2022,13351.44,296.83,205.64,0,127.79,942.08,1087.72,87.14
Delhi,04-12-2022,5340.58,86.72,86.37,0,42.44,416.42,506.01,33.94
Delhi,05-12-2022,3177.64,32.63,63.06,0,23.37,345.49,401.2,11.15
Delhi,06-12-2022,4592.9,59.01,73.34,0,28.85,456.11,544.14,13.3
Delhi,07-12-2022,1308.44,0,32.22,77.25,25.75,204.69,235.1,16.97
Delhi,08-12-2022,1388.55,0,38.73,55.07,24.8,186.91,233.28,16.09
Delhi,09-12-2022,5554.2,71.53,83.63,0,33.38,475.84,604.41,11.91
Delhi,11-12-2022,1615.52,3.21,42.5,5.54,22.89,157.01,186.05,7.98
Delhi,12-12-2022,1401.9,0.18,46.61,19.31,21.22,105.92,137.4,24.32
Delhi,13-12-2022,1642.23,0.11,54.15,23.96,27.66,134.53,164.6,29.13
Delhi,14-12-2022,1068.12,0,31.19,61.51,24.32,89.87,108.92,23.05
Delhi,15-12-2022,1708.98,0.74,58.95,12.87,26.7,115.51,148.81,28.37
Delhi,16-12-2022,1241.68,0.01,45.93,38.27,25.75,74.41,99.04,22.8
Delhi,17-12-2022,6622.31,160.93,60.32,0,36.72,463.03,584.11,21.28
Delhi,18-12-2022,5340.58,112.65,72.66,0,40.05,390.58,491.4,26.09
Delhi,19-12-2022,4005.43,9.95,91.85,0.94,26.7,486.53,561.51,7.92
Delhi,20-12-2022,4112.24,32.19,80.2,0.03,26.7,442.98,518.71,7.41
Delhi,21-12-2022,3685,38.89,66.49,0,26.23,360.67,428.2,8.04
Delhi,22-12-2022,3124.24,0.18,72.66,23.6,27.66,422.96,479.16,6.71
Delhi,23-12-2022,3952.03,21.46,80.2,0.05,29.09,459.1,539.14,8.61
Delhi,24-12-2022,2696.99,0.17,67.86,24.32,30.28,392.12,439.36,7.54
Delhi,25-12-2022,1348.5,0,33.93,47.92,16.93,159.6,180.18,5.38
Delhi,26-12-2022,2670.29,11.29,54.84,0.99,29.33,326.8,369.06,9.37
Delhi,27-12-2022,3017.43,1.82,78.14,9.3,22.89,374.72,422.51,6.78
Delhi,28-12-2022,1255.04,0,31.19,77.96,24.08,179.33,198.04,9.88
Delhi,29-12-2022,1628.88,0,42.5,55.79,23.6,243.45,273.14,7.28
Delhi,30-12-2022,2323.15,0.89,75.4,13.77,30.52,252.97,299.66,10.64
Delhi,31-12-2022,9719.85,177.03,102.82,0,50.54,964.48,1189.24,20.52
Delhi,01-01-2023,1949.31,0.25,55.52,18.24,18.6,174.78,209.27,5.76
Delhi,02-01-2023,10894.78,221.73,139.83,0,202.18,791.61,952,147.94
Delhi,03-01-2023,7370,99.24,93.22,0,54.36,775.74,934.68,22.8
Delhi,04-01-2023,1895.9,0,43.87,47.21,23.6,223.78,252.41,5.7
Delhi,05-01-2023,3070.83,4.14,74.71,4.11,26.46,334.32,395.79,8.23
Delhi,06-01-2023,5073.55,68.84,59.63,0,27.18,478.93,571.88,10.51
Delhi,07-01-2023,5767.82,95.67,77.46,0,34.81,500.99,628.19,14.82
Delhi,08-01-2023,1789.09,0.01,38.39,38.98,16.21,248.38,271.62,4.5
Delhi,09-01-2023,3738.4,17.21,72.66,0.25,20.98,388.82,444.16,7.22
Delhi,10-01-2023,6462.1,99.24,67.17,0,33.38,613.79,722.61,12.92
Delhi,11-01-2023,2109.53,0,47.98,44.35,24.08,321.24,353.09,4.62
Delhi,12-01-2023,2830.51,0.01,63.75,37.55,29.09,483.58,529.44,4.88
Delhi,13-01-2023,1789.09,0.09,50.72,24.68,25.99,287.98,315.13,4.56
Delhi,14-01-2023,16235.35,368.36,111.04,0,179.29,1232.62,1355.2,102.34
Delhi,15-01-2023,1188.28,0,27.42,77.96,21.7,154.16,173.78,9.12
Delhi,16-01-2023,1508.71,0.02,47.98,36.12,20.27,118.95,145.75,19
Delhi,17-01-2023,1976.01,1.47,67.17,9.48,25.51,147.21,188.47,12.54
Delhi,18-01-2023,4592.9,64.37,72.66,0,29.56,364.15,450.45,15.96
Delhi,19-01-2023,5073.55,76,73.34,0,35.29,412.78,521.29,19.76
Delhi,20-01-2023,4592.9,42.02,131.61,0.07,106.81,464.47,538.42,25.33
Delhi,21-01-2023,3284.45,51.86,56.89,0,31.47,264.95,349.96,11.27
Delhi,22-01-2023,4112.24,42.92,79.51,0,24.8,354.51,439.62,8.04
Delhi,23-01-2023,2803.8,29.5,52.09,0,29.09,236.75,313.76,19
Delhi,24-01-2023,5393.98,104.61,117.9,0,63.9,414.82,489.59,25.84
Delhi,25-01-2023,4325.87,58.11,73.34,0,44.35,296.88,381.01,12.41
Delhi,26-01-2023,2563.48,29.95,47.98,0,27.89,230.68,283.27,7.28
Delhi,27-01-2023,1188.28,0.01,39.41,39.34,25.27,104,123.67,23.31
Delhi,28-01-2023,1214.98,0,38.39,56.51,24.8,117.52,138.55,15.83
Delhi,29-01-2023,5928.04,116.23,71.97,0,48.64,458.47,550.49,25.84
Delhi,30-01-2023,4112.24,25.03,91.85,0.06,80.11,412.86,444.3,8.36
Delhi,31-01-2023,7370,205.64,65.12,0,78.2,514.2,625.43,36.98
Delhi,01-02-2023,847.82,0,25.7,60.08,21.7,75.03,87.65,6.71
Delhi,02-02-2023,1148.22,0,31.87,79.39,35.76,135.71,153.84,17.48
Delhi,03-02-2023,1455.31,0,42.84,43.27,24.08,140.83,176.81,16.72
Delhi,04-02-2023,2002.72,1.47,63.06,10.01,26.23,177.53,225.97,16.97
Delhi,05-02-2023,1308.44,0,34.62,43.99,18.12,151.77,181.7,17.73
Delhi,06-02-2023,9933.47,177.03,154.91,0,165.94,763.49,883.66,116.53
Delhi,07-02-2023,6248.47,100.14,76.77,0,40.53,530.26,673.27,15.07
Delhi,08-02-2023,1241.68,0.01,42.5,37.91,29.56,85.19,113.09,25.59
Delhi,09-02-2023,2456.67,2.57,74.71,5.63,33.38,206.02,254.78,28.88
Delhi,10-02-2023,1455.31,0.01,46.61,38.62,19.07,135.99,167.21,11.27
Delhi,11-02-2023,5020.14,74.21,82.25,0,29.8,401.46,503.07,8.99
Delhi,12-02-2023,1895.9,0.68,55.52,15.74,28.85,273.7,330.96,26.35
Delhi,13-02-2023,774.38,0,25.7,67.23,25.99,61.58,76.03,24.07
Delhi,14-02-2023,747.68,0,20.22,104.43,23.6,52,62.8,16.97
Delhi,15-02-2023,1415.25,0.01,45.93,37.19,30.04,132.99,168.97,28.12
Delhi,16-02-2023,2323.15,0.02,65.12,32.9,36.24,282.53,345.88,26.85
Delhi,17-02-2023,10574.34,191.33,102.82,0,135.42,1003.34,1246.38,93.22
Delhi,18-02-2023,5447.39,27.94,98.71,0.02,35.76,733.39,840.63,9.63
Delhi,19-02-2023,5020.14,31.74,148.06,0.01,73.43,485.44,589.32,44.58
Delhi,20-02-2023,8224.49,148.42,98.71,0,60.56,644.02,750.02,38
Delhi,21-02-2023,1255.04,0,38.04,55.07,22.65,153.15,180.98,23.56
Delhi,22-02-2023,2590.18,0.03,71.97,30.76,41.96,377.74,455.1,25.08
Delhi,23-02-2023,1976.01,0.01,61.01,34.69,37.19,196.32,246.02,24.83
Delhi,25-02-2023,2429.96,28.61,36.67,0.01,30.28,241.81,290.15,28.63
Delhi,26-02-2023,7263.18,71.53,127.49,0,135.42,569.54,716.27,94.23
Delhi,27-02-2023,3685,30.4,73.34,0.01,43.39,313.18,425.98,36.48
Delhi,28-02-2023,3631.59,43.36,71.97,0,51.5,237.52,345.04,38.5
Delhi,01-03-2023,2136.23,8.16,62.38,0.78,47.21,115.17,173.83,32.17
Delhi,02-03-2023,4699.71,67.06,67.86,0,44.82,309.01,430.14,45.6
Delhi,03-03-2023,2510.07,15.65,63.75,0.16,38.62,159.48,224.06,30.65
Delhi,04-03-2023,1361.85,0.11,45.93,20.03,30.52,70.09,100.36,23.81
Delhi,05-03-2023,1348.5,0.83,39.07,14.84,26.23,96.45,119.65,16.72
Delhi,06-03-2023,1335.14,0.06,42.5,23.25,30.52,76.01,103.53,23.81
Delhi,07-03-2023,2483.37,5.98,67.17,1.59,40.53,148.23,191.21,26.6
Delhi,08-03-2023,5126.95,54.99,127.49,0,99.18,318.96,412.54,60.8
Delhi,09-03-2023,2243.04,4.36,78.14,2.24,27.66,138.16,176.33,23.56
Delhi,10-03-2023,1842.5,5.25,69.23,1.43,26.94,107.45,141.19,22.8
Delhi,11-03-2023,3685,50.96,60.32,0,41.01,229.6,304.36,33.44
Delhi,12-03-2023,4432.68,37.1,113.79,0,52.93,288.58,367.88,43.06
Delhi,13-03-2023,2777.1,17.21,60.32,0.05,45.3,200.61,283.41,30.91
Delhi,14-03-2023,5500.79,83.15,71.29,0,67.71,372,486.8,41.54
Delhi,15-03-2023,5661.01,72.42,82.94,0,86.78,388.91,493.71,43.57
Delhi,16-03-2023,11001.59,250.34,132.98,0,244.14,634.35,793.75,176.31
Delhi,17-03-2023,2376.56,11.18,80.2,0.44,42.44,117.05,164.68,30.65
Delhi,18-03-2023,10681.15,261.07,145.32,0,165.94,694.67,838.89,99.3
Delhi,19-03-2023,2857.21,27.49,60.32,0,25.03,180.03,229.61,10.89
Delhi,20-03-2023,7583.62,134.11,74.03,0,61.99,532.78,669.47,31.16
Delhi,21-03-2023,8865.36,228.88,128.87,0,215.53,684.66,792.24,56.74
Delhi,22-03-2023,5073.55,60.8,55.52,0,43.87,337.33,448.34,17.48
Delhi,23-03-2023,6301.88,85.83,81.57,0,43.87,428.37,540.95,21.03
Delhi,24-03-2023,5180.36,75.1,70.6,0,56.27,316.69,426.06,40.53
Delhi,25-03-2023,1735.69,0,91.85,61.51,116.35,140.06,155.22,3.7
Delhi,26-03-2023,3631.59,6.09,90.48,3.08,47.21,277.59,354.92,9.25
Delhi,27-03-2023,3070.83,29.06,64.43,0,35.76,185.13,271.53,28.88
Delhi,28-03-2023,2136.23,0.03,63.75,30.4,36.24,151.1,204.02,24.07
Delhi,29-03-2023,3044.13,19.22,73.34,0.08,44.35,188.43,265.8,33.94
Delhi,30-03-2023,8651.73,67.95,197.41,0,150.68,720.28,845.9,63.84
Delhi,31-03-2023,2510.07,0.02,83.63,28.61,48.16,193.31,226.72,7.98
Delhi,01-04-2023,7156.37,125.17,102.82,0,57.7,452.34,551.53,21.53
Delhi,02-04-2023,4432.68,38.44,68.55,0,44.35,340.51,443.35,21.53
Delhi,03-04-2023,2376.56,10.06,59.63,0.44,29.09,128.52,184.99,21.03
Delhi,04-04-2023,1668.93,0,52.78,42.92,49.11,110.15,149.63,27.36
Delhi,05-04-2023,1361.85,0.02,47.3,30.04,31.95,78.08,114.19,26.6
Delhi,06-04-2023,1201.63,0,45.24,51.5,43.87,61.58,90.86,25.59
Delhi,07-04-2023,1668.93,0.02,58.26,32.9,43.87,91.12,133.76,27.61
Delhi,08-04-2023,1214.98,0,38.73,59.37,34.33,63.9,91.85,25.33
Delhi,09-04-2023,1548.77,0,47.98,37.91,37.67,80.96,115.44,22.8
Delhi,10-04-2023,1201.63,0,37.7,58.65,33.38,61.8,89.15,20.52
Delhi,11-04-2023,1335.14,0,42.16,50.78,41.96,76.43,102.19,25.33
Delhi,12-04-2023,827.79,0,26.73,81.54,31.95,49.47,75.33,20.77
Delhi,13-04-2023,1188.28,3.8,47.98,1.86,30.04,45.53,76.39,23.31
Delhi,14-04-2023,1789.09,0,58.26,61.51,55.79,121.66,177.95,26.6
Delhi,15-04-2023,4646.3,29.06,109.67,0,100.14,259.96,366.27,39.01
Delhi,16-04-2023,6568.91,47.83,157.65,0,123.98,347.07,453.44,35.97
Delhi,17-04-2023,5073.55,86.72,72.66,0,89.65,261.89,384.64,54.72
Delhi,18-04-2023,7370,121.59,153.54,0,223.16,372.55,523.68,131.73
Delhi,19-04-2023,5607.6,63.48,102.82,0,129.7,298.3,453.73,45.09
Delhi,20-04-2023,1268.39,0.15,53.47,16.81,57.7,63.51,98.86,22.55
Delhi,21-04-2023,827.79,0,31.19,37.91,41.48,29.73,48.63,18.24
Delhi,22-04-2023,1028.06,0,35.64,77.96,52.93,57.94,89.86,21.53
Delhi,23-04-2023,1188.28,0,36.33,61.51,40.05,59.19,89.76,22.04
Delhi,24-04-2023,5126.95,47.83,100.08,0,97.27,295.98,418.22,48.13
Delhi,25-04-2023,881.2,0,31.87,75.82,31.95,37.38,51.44,19.51
Delhi,26-04-2023,4005.43,46.04,83.63,0,74.39,207.59,297.35,49.65
Delhi,27-04-2023,3738.4,19.67,89.11,0.02,88.69,226.25,330.28,42.56
Delhi,28-04-2023,8224.49,114.44,137.09,0,96.32,524.73,681.12,64.34
Delhi,29-04-2023,5126.95,42.92,130.24,0,72.48,283.62,370.53,36.98
Delhi,30-04-2023,5447.39,73.31,109.67,0,61.04,324.96,424.21,35.97
Delhi,01-05-2023,1094.82,0,38.73,47.92,40.05,67.9,80.01,8.74
Delhi,02-05-2023,1655.58,1.52,54.84,4.69,38.15,94.84,119.38,8.49
Delhi,03-05-2023,2216.34,13.19,61.01,0.08,30.28,97.24,139.04,9.12
Delhi,04-05-2023,8117.68,143.05,135.72,0,129.7,432.15,559.54,87.14
Delhi,05-05-2023,12283.33,121.59,191.93,0,169.75,922.75,1165.84,104.37
Delhi,06-05-2023,4646.3,28.61,98.71,0,48.16,265.25,342.39,32.93
Delhi,07-05-2023,4646.3,37.1,106.93,0,48.16,272.04,352.02,36.48
Delhi,08-05-2023,1441.96,0,33.59,110.15,36.72,126.14,158.23,24.07
Delhi,09-05-2023,1148.22,0,40.1,57.22,39.1,67.23,107.02,21.53
Delhi,10-05-2023,1161.58,0,43.18,79.39,47.68,61.17,91.84,23.31
Delhi,11-05-2023,5180.36,35.76,116.53,0,131.61,282.87,390.21,52.69
Delhi,12-05-2023,8010.86,98.35,128.87,0,167.85,449.22,589.39,50.66
Delhi,13-05-2023,3524.78,0,86.37,29.68,75.34,318.71,400.59,35.97
Delhi,14-05-2023,3311.16,1.54,101.45,5.72,71.53,185.14,263.62,29.64
Delhi,15-05-2023,6942.75,76.89,141.2,0,117.3,397.32,524.19,60.29
Delhi,16-05-2023,6622.31,76.89,108.3,0,141.14,372.99,515.63,50.66
Delhi,17-05-2023,827.79,0,34.27,44.35,25.99,45.03,103.92,19.76
Delhi,18-05-2023,714.3,0,24.33,84.4,28.13,43.33,82.53,14.06
Delhi,19-05-2023,781.06,0,23.99,107.29,31.95,59.18,91.72,17.23
Delhi,20-05-2023,2429.96,0.01,78.83,30.76,62.94,137.87,207.64,29.89
Delhi,21-05-2023,6088.26,52.3,117.9,0,129.7,324.98,428.35,40.02
Delhi,22-05-2023,2857.21,20.34,79.51,0.03,68.66,141.84,253.56,26.6
Delhi,23-05-2023,3898.62,59.01,72.66,0,78.2,184.57,324.89,33.94
Delhi,24-05-2023,2830.51,20.56,81.57,0.03,90.6,137.46,238.12,38
Delhi,25-05-2023,3017.43,5.42,87.74,1.48,76.29,195.05,248.07,32.42
Delhi,26-05-2023,5767.82,118.02,85,0,60.08,287.4,410.98,44.08
Delhi,27-05-2023,5981.45,72.42,127.49,0,85.83,328.91,466.5,54.72
Delhi,28-05-2023,2269.74,10.39,66.49,0.36,28.85,116.56,163.49,31.66
Delhi,29-05-2023,8438.11,81.36,156.28,0,118.26,540.02,711.52,78.02
Delhi,30-05-2023,2162.93,0.02,61.01,33.62,50.07,191.29,246.21,23.56
Delhi,31-05-2023,4325.87,30.4,89.11,0,54.36,293.68,411.46,38
Delhi,01-06-2023,5447.39,48.28,108.3,0,64.85,361.39,459.72,19.76
Delhi,02-06-2023,2002.72,0.01,65.12,36.12,32.9,122.75,146.36,6.33
Delhi,03-06-2023,4165.65,43.36,87.05,0,54.84,234.07,337.38,36.98
Delhi,04-06-2023,2082.82,0,56.89,37.55,33.86,123.56,165.47,25.33
Delhi,05-06-2023,1535.42,0,44.55,56.51,29.56,92.69,121.17,23.05
Delhi,06-06-2023,5607.6,52.3,112.41,0,76.29,328.43,469.66,47.12
Delhi,07-06-2023,3070.83,7.38,93.22,0.86,70.57,165.53,245.72,35.97
Delhi,08-06-2023,2269.74,0.01,68.55,29.33,49.59,128.2,174.65,29.64
Delhi,09-06-2023,1588.82,0,52.78,50.07,46.73,80.86,115.86,26.85
Delhi,10-06-2023,2189.64,0.19,76.77,14.31,52.93,114.27,181.88,27.61
Delhi,11-06-2023,1762.39,6.82,57.58,0.23,38.62,75.54,126.45,25.08
Delhi,12-06-2023,1161.58,0,42.16,28.61,33.38,63.69,135.27,21.53
Delhi,13-06-2023,1174.93,0,43.53,51.5,44.35,69.32,145.13,23.56
Delhi,14-06-2023,1201.63,0.01,47.3,22.89,42.44,48.25,88.06,24.83
Delhi,15-06-2023,1068.12,0.19,47.3,13.23,31.47,36.9,69.15,23.56
Delhi,16-06-2023,527.38,0,21.25,55.07,19.79,20.41,35.78,13.43
Delhi,17-06-2023,1428.6,0.64,61.69,8.76,28.61,56.78,83.73,20.27
Delhi,18-06-2023,2937.32,37.55,55.52,0,59.6,121.3,181.56,31.92
Delhi,19-06-2023,2883.91,45.15,54.15,0,53.88,119.75,177.9,32.93
Delhi,20-06-2023,1815.8,7.1,56.89,0.46,42.44,82,129.74,28.88
Delhi,21-06-2023,2243.04,0.47,79.51,9.83,40.53,109.64,146.79,21.79
Delhi,22-06-2023,2643.59,1.13,89.11,6.62,61.99,209.56,255.09,14.19
Delhi,23-06-2023,2082.82,23.69,62.38,0,32.9,90.52,143.49,15.2
Delhi,24-06-2023,2376.56,5.42,75.4,1.41,31.47,155.79,201.97,10.13
Delhi,25-06-2023,1588.82,0,35.64,67.95,20.5,117.8,139.29,11.27
Delhi,26-06-2023,2029.42,9.5,47.98,0.05,32.42,93.62,127.44,7.6
Delhi,27-06-2023,4486.08,74.21,76.09,0,61.99,241.69,301.78,11.4
Delhi,28-06-2023,2136.23,14.75,57.58,0.01,42.92,110.89,151.18,7.98
Delhi,29-06-2023,1548.77,0,54.84,30.4,32.9,78.86,106.54,10.51
Delhi,30-06-2023,2002.72,16.76,57.58,0.02,35.29,80.7,115.44,10.13
Delhi,01-07-2023,1482.01,0.06,52.09,17.7,38.15,74.55,100.39,9.5
Delhi,02-07-2023,1068.12,0,36.67,32.19,34.81,50.99,68.19,7.6
Delhi,03-07-2023,1615.52,0,35.99,95.84,30.99,168.9,195.3,17.23
Delhi,04-07-2023,2536.77,0,59.63,98.71,51.5,302.46,354.89,25.08
Delhi,05-07-2023,1161.58,0,27.76,87.98,34.33,106.68,117.12,5.95
Delhi,06-07-2023,1161.58,0.42,43.87,9.21,51.02,51.39,61.88,6.52
Delhi,07-07-2023,1295.09,3.19,44.55,1.4,31.95,42.41,59.84,11.65
Delhi,08-07-2023,1081.47,0,38.73,30.04,35.29,49.12,63.12,8.36
Delhi,09-07-2023,814.44,0,26.73,40.77,30.99,45.3,49.83,3.32
Delhi,10-07-2023,1108.17,2.79,34.96,1.41,24.8,46.48,58.54,6.02
Delhi,11-07-2023,3471.37,52.3,52.78,0,49.59,182.28,252.45,15.45
Delhi,12-07-2023,1441.96,0.18,50.72,13.77,31.95,77.43,100.43,7.35
Delhi,13-07-2023,1895.9,19,47.98,0,39.1,96.41,127.36,8.49
Delhi,14-07-2023,2456.67,28.16,50.04,0,33.38,106.88,142.52,8.36
Delhi,15-07-2023,3070.83,55.43,60.32,0,28.61,127.73,177.49,11.02
Delhi,16-07-2023,947.95,7.15,26.39,0.15,23.84,34.51,44.62,5.7
Delhi,17-07-2023,6462.1,151.99,65.8,0,40.05,350.03,425.53,10.51
Delhi,18-07-2023,1842.5,0.32,53.47,13.59,30.99,95.82,116.95,7.73
Delhi,19-07-2023,921.25,0.95,38.04,5.68,35.76,52.99,63.72,5.89
Delhi,20-07-2023,1602.17,3.52,43.87,6.44,39.58,123.47,154.39,9.5
Delhi,21-07-2023,4165.65,44.7,87.05,0,37.19,216.71,282.12,11.02
Delhi,22-07-2023,921.25,0,34.62,43.63,36.72,60.8,77.78,11.91
Delhi,23-07-2023,707.63,0.01,28.79,25.75,32.42,24.96,36.7,11.27
Delhi,24-07-2023,647.54,0.09,28.79,16.99,30.52,21.24,30.64,10.39
Delhi,25-07-2023,1014.71,0,37.01,49.35,35.76,77.13,90.76,7.03
Delhi,26-07-2023,1121.52,0.06,45.93,20.38,47.21,64.88,73.5,5.51
Delhi,27-07-2023,5607.6,101.03,93.22,0,80.11,357.91,432.68,5
Delhi,28-07-2023,5714.42,111.76,78.14,0,60.08,372.08,453.71,10.89
Delhi,29-07-2023,1441.96,12.41,48.67,0.16,29.56,60.74,80.9,6.46
Delhi,30-07-2023,1388.55,14.19,37.01,0.04,22.41,49.15,77.14,6.21
Delhi,31-07-2023,520.71,0,19.36,44.7,16.69,22.67,37.11,5.38
Delhi,01-08-2023,700.95,0,29.13,48.64,23.6,43.32,72.75,6.65
Delhi,02-08-2023,567.44,0,22.62,52.21,20.5,42.29,84.61,8.74
Delhi,03-08-2023,3952.03,76,78.14,0,45.78,202.16,261.48,8.36
Delhi,04-08-2023,3898.62,65.27,56.89,0,63.9,203.68,252.8,8.61
Delhi,05-08-2023,9933.47,268.22,45.24,0,63.9,576.15,737.72,22.8
Delhi,06-08-2023,4219.06,94.77,42.16,0,32.9,189.76,255.02,10.51
Delhi,07-08-2023,527.38,0.02,20.91,37.55,13.95,17.29,31.6,10.51
Delhi,08-08-2023,353.81,0,12.51,50.78,11.21,14.24,27.59,9.12
Delhi,09-08-2023,447.27,0,18.51,45.42,15.5,18.15,34.19,12.16
Delhi,10-08-2023,627.52,0.01,28.1,40.41,18.36,22.75,47.29,13.93
Delhi,11-08-2023,1976.01,40.23,45.93,0,24.32,69.73,113.57,17.48
Delhi,12-08-2023,827.79,0.4,39.41,16.09,20.27,29.41,53.72,17.48
Delhi,13-08-2023,357.15,0,12.51,47.21,10.61,11.18,23.59,9.37
Delhi,14-08-2023,494,0.01,20.39,25.39,13.83,15.84,31.62,13.17
Delhi,15-08-2023,961.3,0.18,37.7,14.31,26.23,54.59,77.18,13.17
Delhi,16-08-2023,7049.56,73.31,141.2,0,60.56,447.84,553.3,20.77
Delhi,17-08-2023,5447.39,109.08,87.74,0,47.68,273.09,371.87,29.64
Delhi,18-08-2023,1495.36,13.75,55.52,0.35,26.46,65.29,132.14,21.53
Delhi,19-08-2023,3631.59,32.19,98.71,0,48.16,228.77,326.9,21.53
Delhi,20-08-2023,1949.31,0.14,52.78,21.99,27.89,139.27,174.71,11.53
Delhi,21-08-2023,1388.55,0.01,47.98,25.39,26.7,75.33,101.04,16.97
Delhi,22-08-2023,1695.63,0.96,52.09,6.79,30.99,83.22,112.23,23.56
Delhi,23-08-2023,1348.5,9.05,43.87,0.21,29.09,53.32,66.71,6.21
Delhi,24-08-2023,1134.87,9.05,34.96,0.18,24.8,53.32,75.67,7.41
Delhi,25-08-2023,520.71,0.02,24.33,28.61,17.4,14,24.43,13.93
Delhi,26-08-2023,507.35,0,23.65,34.33,16.69,16.27,32.35,13.93
Delhi,27-08-2023,453.95,0,18.68,46.49,14.19,13.13,28.09,13.17
Delhi,28-08-2023,881.2,1.45,38.39,8.14,19.79,37.27,79.11,16.72
Delhi,29-08-2023,1335.14,14.53,42.5,0.05,24.08,68.42,135.1,12.41
Delhi,30-08-2023,4486.08,97.45,50.04,0,44.35,223.99,352.42,35.97
Delhi,31-08-2023,6782.53,151.99,54.84,0,78.2,396.61,586.09,56.74
Delhi,01-09-2023,7904.05,185.97,54.84,0,77.25,442.86,641.14,53.7
Delhi,02-09-2023,3631.59,64.37,57.58,0,46.73,177.61,276.42,29.39
Delhi,03-09-2023,1789.09,25.26,47.3,0.01,28.37,72.94,120.82,23.81
Delhi,04-09-2023,2510.07,34.87,55.52,0,37.19,114.2,176.17,25.59
Delhi,05-09-2023,2510.07,16.99,62.38,0.03,52.93,148.38,239.08,34.45
Delhi,06-09-2023,7263.18,126.96,111.04,0,68.66,481.18,612.43,24.57
Delhi,07-09-2023,12710.57,228.88,175.48,0,240.33,761.57,959.38,172.26
Delhi,08-09-2023,3231.05,5.42,116.53,1.79,61.99,186.63,235.79,43.06
Delhi,09-09-2023,2803.8,4.3,90.48,1.97,46.73,189.92,237.51,20.52
Delhi,10-09-2023,727.65,0.2,30.16,13.05,29.33,22.31,29.91,5.26
Delhi,11-09-2023,1094.82,6.82,30.16,0.23,34.33,50.29,68.49,6.27
Delhi,12-09-2023,1495.36,2.46,55.52,2.95,39.1,70.39,100.01,7.92
Delhi,13-09-2023,2296.45,0.67,67.86,14.84,33.38,138.99,171.18,15.2
Delhi,14-09-2023,4325.87,41.13,83.63,0,40.05,259.61,330.46,12.16
Delhi,15-09-2023,4005.43,71.53,58.26,0,42.44,222.32,271.28,8.04
Delhi,16-09-2023,2002.72,8.38,52.78,0.3,32.9,127.9,167.99,6.78
Delhi,17-09-2023,674.25,0.07,30.16,18.78,36.24,24.09,33.66,6.14
Delhi,18-09-2023,774.38,0,26.05,41.48,31.47,65.04,72.77,4.88
Delhi,19-09-2023,1401.9,4.53,50.04,0.99,31.47,60.39,81.91,7.22
Delhi,20-09-2023,4913.33,92.98,56.21,0,39.58,240.28,320.5,14.19
Delhi,21-09-2023,8117.68,85.83,135.72,0,58.17,655.94,756.91,12.29
Delhi,22-09-2023,8117.68,146.63,123.38,0,85.83,571.27,705.82,40.02
Delhi,23-09-2023,4325.87,29.06,104.19,0,64.85,416.15,487.01,6.4
Delhi,24-09-2023,6141.66,94.77,89.11,0,68.66,494.23,602.52,38.5
Delhi,25-09-2023,6515.5,144.84,71.29,0,122.07,329.06,441.8,93.22
Delhi,26-09-2023,8544.92,123.38,76.77,0,66.76,594.68,783.17,26.6
Delhi,27-09-2023,2696.99,21.68,62.38,0,40.05,168.01,236.67,16.97
Delhi,28-09-2023,2376.56,7.49,65.8,0.65,37.19,159.21,219.95,20.27
Delhi,29-09-2023,2696.99,12.85,71.29,0.2,40.53,174.65,255.73,29.39
Delhi,30-09-2023,8758.54,135.9,152.17,0,146.87,581.74,762.11,80.05
Delhi,02-10-2023,2670.29,20.56,56.21,0.15,53.41,235.19,320.24,35.97
Delhi,03-10-2023,1655.58,0.05,55.52,25.39,39.1,91.79,131.35,24.32
Delhi,04-10-2023,1869.2,0.56,60.32,11.62,35.76,127.62,176.53,29.13
Delhi,05-10-2023,2403.26,7.93,67.86,0.5,36.24,162.06,220.64,31.16
Delhi,06-10-2023,4432.68,52.75,78.14,0,49.59,287.37,392.05,38
Delhi,07-10-2023,10681.15,182.39,123.38,0,89.65,727.42,924.3,55.22
Delhi,08-10-2023,8224.49,175.24,74.03,0,75.34,485.54,662.38,46.61
Delhi,09-10-2023,8224.49,196.7,63.75,0,113.49,471.2,662.76,88.16
Delhi,10-10-2023,6462.1,151.99,68.55,0,88.69,340.22,499.09,61.81
Delhi,11-10-2023,5821.23,119.81,67.86,0,49.11,343.19,479.25,34.96
Delhi,12-10-2023,2883.91,14.31,76.77,0.2,42.44,197.7,271.19,31.66
Delhi,13-10-2023,6301.88,87.62,89.11,0,55.31,428.3,556.89,40.02
Delhi,14-10-2023,10147.09,189.54,90.48,0,80.11,670.18,853.07,56.74
Delhi,15-10-2023,6088.26,98.35,71.97,0,51.5,397.16,536.48,36.48
Delhi,16-10-2023,1708.98,4.75,59.63,1.54,23.6,96,128.29,20.27
Delhi,17-10-2023,1575.47,1.45,58.95,5.9,30.99,97.44,119.19,9.37
Delhi,18-10-2023,3204.35,26.38,73.34,0.02,29.8,265.23,318.34,7.28
Delhi,19-10-2023,1468.66,0.07,51.41,23.25,30.52,92.63,124.51,25.59
Delhi,20-10-2023,1762.39,0,54.15,39.7,33.86,132.34,168.7,23.81
Delhi,21-10-2023,2189.64,0,62.38,41.84,31.95,168.7,211.2,20.01
Delhi,22-10-2023,8544.92,130.53,124.75,0,133.51,573.24,747.86,108.42
Delhi,23-10-2023,2109.53,0.54,62.38,13.59,34.33,176.23,229.22,23.31
Delhi,24-10-2023,2136.23,0.84,65.12,13.41,30.52,136.6,178.07,25.33
Delhi,25-10-2023,1495.36,0.02,46.61,29.68,29.56,100.87,133.79,27.11
Delhi,26-10-2023,1682.28,0,41.81,75.82,34.33,148.68,179.14,23.81
Delhi,27-10-2023,1949.31,0,56.89,51.5,37.67,152.41,192.73,27.11
Delhi,28-10-2023,3791.81,36.21,89.11,0,63.9,225.75,310.59,48.13
Delhi,29-10-2023,6675.72,27.94,244.02,0,156.4,534.6,634.12,67.89
Delhi,30-10-2023,3952.03,15.65,98.71,0.07,79.15,426.12,565.73,55.22
Delhi,31-10-2023,4379.27,45.6,75.4,0,55.79,341.33,495.14,26.35
Delhi,01-11-2023,5500.79,54.54,95.96,0,67.71,435.32,611.43,46.1
Delhi,02-11-2023,4219.06,54.09,82.94,0,54.36,290.73,416.75,26.09
Delhi,03-11-2023,3631.59,32.63,85,0,44.35,235.5,326.12,25.59
Delhi,04-11-2023,3898.62,54.09,78.83,0,44.35,226.67,333.58,26.35
Delhi,05-11-2023,2029.42,0.09,58.26,20.56,28.37,121.58,164.34,24.07
Delhi,06-11-2023,4699.71,49.62,112.41,0,68.66,297.23,406.84,53.2
Delhi,07-11-2023,5661.01,81.36,78.83,0,65.8,376.96,563.7,58.26
Delhi,08-11-2023,4005.43,49.62,77.46,0,48.16,254.24,360.56,35.46
Delhi,09-11-2023,3337.86,31.74,78.14,0,38.15,212.06,302.46,27.87
Delhi,10-11-2023,5607.6,77.78,105.56,0,76.29,352.59,508.78,55.22
Delhi,11-11-2023,2536.77,21.9,65.12,0.01,34.81,170.62,227.19,10.51
Delhi,12-11-2023,2403.26,12.41,60.32,0.19,23.6,177.05,226.43,9.63
Delhi,13-11-2023,2536.77,8.05,65.8,0.82,24.56,183,226.61,8.87
Delhi,14-11-2023,4432.68,34.42,98.71,0,50.54,332.48,440.43,28.88
Delhi,15-11-2023,3471.37,20.12,79.51,0.02,31.47,261.1,323.41,15.2
Delhi,16-11-2023,4219.06,43.81,93.22,0,41.96,316.8,401.04,24.32
Delhi,17-11-2023,7476.81,90.3,123.38,0,137.33,603.44,787.56,85.12
Delhi,18-11-2023,7263.18,90.3,165.88,0,162.12,606.64,768.49,117.54
Delhi,19-11-2023,4058.84,47.83,93.22,0,51.98,321.84,391.23,44.58
Delhi,20-11-2023,10574.34,191.33,224.83,0,316.62,760.34,918.73,188.47
Delhi,21-11-2023,3845.21,30.85,81.57,0,40.53,373.8,459.91,17.48
Delhi,22-11-2023,1401.9,0,38.04,77.96,34.33,151.42,173.53,20.01
Delhi,23-11-2023,3898.62,25.7,87.74,0.01,39.58,331.14,407.75,17.23
